,Variates,fosfor,boron,Warna,rasa,teknik,Musim,Penyakit,PH,Grade Mutu
0,5,6.0,1.04,3,1,0,0,1,0,3
1,0,7.05,6.03,1,0,1,1,2,1,2
2,4,7.03,3.05,3,1,0,1,4,3,1
3,5,7.04,1.03,0,1,1,1,2,1,2
4,5,6.0,1.02,0,1,1,1,0,1,2
5,2,7.01,4.03,3,0,0,1,0,1,3
6,1,7.05,5.02,2,1,0,0,0,0,2
7,1,6.03,5.01,2,1,0,0,1,0,2
8,1,6.0,5.02,2,1,0,0,1,2,1
9,0,7.02,6.05,1,0,0,0,0,0,2
10,2,6.03,4.03,3,0,0,1,0,3,2
11,0,7.03,6.04,1,0,0,0,0,2,2
12,3,6.06,2.03,3,0,0,0,1,2,1
13,5,7.05,1.01,3,1,0,0,3,2,2
14,2,6.05,4.02,3,0,0,1,1,1,3
15,3,6.02,2.04,3,0,0,0,0,0,2
16,3,7.03,2.03,3,0,1,1,3,3,1
17,3,7.03,2.02,3,0,1,1,0,3,2
18,4,7.05,3.02,3,1,0,1,3,3,2
19,4,6.03,3.03,3,1,0,1,2,3,2
20,3,6.02,2.02,3,0,0,0,1,0,2
21,0,7.04,6.02,1,0,0,0,3,0,2
22,5,7.05,1.04,3,1,0,0,0,0,3
23,3,6.03,2.04,3,0,1,1,1,3,2
24,0,7.02,6.05,1,0,0,0,2,2,2
25,1,7.05,1.02,2,1,0,0,2,0,2
26,1,7.02,5.03,2,1,0,0,0,2,2
27,1,7.03,1.02,2,1,1,1,3,1,2
28,5,7.03,1.03,3,1,0,0,1,0,3
29,1,6.04,5.05,2,1,0,0,4,2,1
30,3,7.03,2.02,3,0,0,0,4,0,1
31,1,7.04,5.03,2,1,0,0,0,0,2
32,0,7.02,6.05,1,0,1,1,0,3,2
33,1,7.02,5.01,2,1,0,0,0,0,2
34,2,6.02,4.02,3,0,1,0,2,0,2
35,3,6.02,2.02,3,0,1,1,0,3,2
36,3,6.05,2.02,3,0,1,1,2,3,2
37,1,7.04,5.03,2,1,1,1,0,3,2
38,2,6.04,4.05,3,0,0,1,2,3,2
39,4,7.03,3.05,3,1,1,0,1,2,2
40,3,7.05,2.02,3,0,1,1,3,1,2
41,5,7.04,1.03,0,1,1,1,0,1,2
42,2,6.01,4.03,3,0,1,0,3,2,2
43,1,6.06,5.03,2,1,0,0,3,0,2
44,0,7.02,6.02,1,0,0,0,1,2,1
45,1,6.05,5.03,2,1,1,1,0,3,2
46,2,6.05,4.02,3,0,0,1,2,3,2
47,5,7.04,1.04,3,1,0,0,4,0,1
48,2,6.01,4.03,3,0,1,0,1,2,2
49,3,6.03,2.03,3,0,0,0,2,2,2
50,2,6.03,4.02,3,0,1,0,2,0,2
51,1,6.04,5.03,2,1,1,1,1,1,2
52,3,6.05,2.02,3,0,1,1,3,1,2
53,2,7.02,4.03,3,0,1,0,2,2,2
54,3,7.01,2.03,3,0,1,1,2,1,3
55,5,6.0,1.01,3,1,0,0,1,0,3
56,0,7.02,6.02,1,0,1,1,2,3,2
57,3,6.01,2.03,3,0,1,1,1,1,3
58,5,7.01,1.02,3,1,0,0,0,2,2
59,4,6.03,3.03,3,1,0,1,1,3,3
60,3,7.02,2.02,3,0,1,1,0,3,2
61,4,7.02,3.02,3,1,0,1,1,3,3
62,4,6.04,3.03,3,1,1,0,0,0,2
63,1,7.04,5.01,2,1,1,1,2,1,2
64,5,7.05,1.01,0,1,1,1,2,1,2
65,5,6.02,1.02,3,1,0,0,4,0,1
66,5,7.04,1.04,3,1,0,0,1,0,3
67,0,7.02,6.02,1,0,0,0,0,2,2
68,5,6.01,1.01,3,1,0,0,1,2,2
69,1,6.04,5.01,2,1,0,0,3,2,1
70,5,6.04,1.02,3,1,0,0,4,0,1
71,0,7.01,6.02,1,0,1,1,4,3,1
72,0,7.02,6.04,1,0,0,0,1,2,1
73,1,6.03,5.01,2,1,1,1,4,1,1
74,5,6.04,1.03,0,1,1,1,1,3,0
75,4,7.02,3.02,3,1,0,1,3,1,3
76,2,6.04,4.03,3,0,1,0,1,2,2
77,2,7.01,4.03,3,0,1,0,2,2,2
78,1,7.05,5.01,2,1,0,0,2,2,2
79,1,6.05,5.02,2,1,1,1,0,1,2
80,3,7.04,2.02,3,0,0,0,1,0,2
81,3,6.01,2.02,3,0,1,1,0,3,2
82,2,6.01,4.02,3,0,1,0,1,0,3
83,3,6.02,2.02,3,0,0,0,3,0,2
84,2,6.06,4.05,3,0,1,0,1,0,3
85,0,7.02,6.05,1,0,1,1,3,1,2
86,5,7.08,1.04,3,1,0,0,0,2,2
87,0,7.04,6.02,1,0,0,0,2,2,2
88,4,6.02,3.03,3,1,1,0,2,2,2
89,5,6.02,1.03,0,1,1,1,0,1,2
90,4,7.01,3.03,3,1,0,1,0,1,3
91,0,7.01,6.04,1,0,0,0,3,0,2
92,2,6.02,4.05,3,0,1,0,0,2,2
93,4,7.03,3.02,3,1,0,1,2,3,2
94,0,7.03,6.02,1,0,1,1,4,1,1
95,5,6.03,1.01,3,1,0,0,0,2,2
96,3,7.01,2.02,3,0,1,1,3,1,2
97,3,7.02,2.03,3,0,0,0,0,2,2
98,1,7.02,5.02,2,1,1,1,2,1,2
99,0,7.02,6.03,1,0,1,1,0,3,2
100,2,7.03,4.05,3,0,0,1,4,1,1
101,1,6.04,5.03,2,1,0,0,4,0,1
102,4,7.04,3.02,3,1,0,1,0,1,3
103,5,7.03,1.03,0,1,1,1,2,1,2
104,2,6.05,4.03,3,0,1,0,3,0,3
105,5,6.01,1.03,0,1,1,1,0,3,1
106,5,7.02,1.04,3,1,0,0,3,2,2
107,0,7.05,6.04,1,0,0,0,3,0,2
108,1,6.02,5.03,2,1,0,0,1,2,1
109,4,6.05,3.02,3,1,0,1,3,1,3
110,3,6.03,2.03,3,0,1,1,0,3,2
111,4,7.02,3.03,3,1,1,0,0,0,2
112,2,6.02,4.05,3,0,0,1,4,1,1
113,3,7.03,2.02,3,0,0,0,4,2,1
114,0,7.04,6.03,1,0,0,0,2,2,2
115,3,6.03,2.02,3,0,1,1,2,3,2
116,4,6.01,3.02,3,1,0,1,0,1,3
117,4,7.02,3.02,3,1,1,0,1,2,2
118,1,7.04,5.02,2,1,0,0,0,0,2
119,4,6.0,3.02,3,1,1,0,4,0,1
120,0,7.04,6.02,1,0,1,1,4,1,1
121,5,7.04,1.04,0,1,1,1,0,1,2
122,2,6.04,4.02,3,0,0,1,4,3,1
123,2,7.04,4.02,3,0,1,0,0,2,2
124,1,6.02,5.03,2,1,0,0,2,2,2
125,0,7.02,6.03,1,0,1,1,3,3,1
126,3,6.03,2.04,3,0,0,0,2,2,2
127,1,6.01,5.01,2,1,0,0,4,2,1
128,0,7.05,6.02,1,0,0,0,1,2,1
129,3,7.02,2.02,3,0,0,0,2,0,2
130,4,7.02,3.03,3,1,0,1,0,1,3
131,1,6.04,5.02,2,1,0,0,2,0,2
132,5,6.02,1.04,0,1,1,1,4,1,1
133,5,6.01,1.01,0,1,1,1,1,3,0
134,1,6.02,5.03,2,1,1,1,2,1,2
135,5,6.03,1.04,3,1,0,0,0,2,2
136,1,6.02,5.03,2,1,1,1,0,1,2
137,1,7.03,5.02,2,1,1,1,3,3,1
138,5,6.04,1.04,0,1,1,1,0,1,2
139,3,6.01,2.02,3,0,0,0,3,2,1
140,1,6.04,5.02,2,1,0,0,0,0,2
141,3,7.04,2.03,3,0,1,1,1,1,3
142,0,7.03,6.02,1,0,0,0,2,2,2
143,0,7.01,6.02,1,0,1,1,3,1,2
144,1,7.01,5.03,2,1,1,1,3,3,1
145,0,7.05,6.05,1,0,0,0,2,0,2
146,5,6.01,1.03,3,1,0,0,4,2,1
147,4,6.01,3.03,3,1,0,1,4,1,1
148,1,6.05,5.02,2,1,1,1,3,1,2
149,3,6.03,2.03,3,0,0,0,3,0,2
150,5,6.02,1.02,3,1,0,0,1,0,3
151,5,6.01,1.03,0,1,1,1,2,1,2
152,2,6.04,4.05,3,0,0,1,1,1,3
153,4,6.04,3.02,3,1,0,1,2,1,3
154,1,6.03,5.03,2,1,1,1,0,3,2
155,2,6.01,4.03,3,0,0,1,0,1,3
156,4,7.03,3.02,3,1,0,1,0,3,2
157,4,6.02,3.02,3,1,1,0,3,0,3
158,0,7.02,6.02,1,0,0,0,4,2,1
159,1,6.04,5.02,2,1,1,1,1,3,1
160,3,7.03,2.04,3,0,0,0,4,0,1
161,4,7.02,3.03,3,1,1,0,2,0,2
162,3,6.01,2.02,3,0,0,0,1,0,2
163,1,6.02,5.02,2,1,1,1,2,1,2
164,2,6.05,4.05,3,0,1,0,1,0,3
165,1,6.03,5.03,2,1,1,1,0,1,2
166,3,7.05,2.03,3,0,1,1,0,3,2
167,4,7.01,3.02,3,1,1,0,1,0,3
168,4,6.01,3.02,3,1,1,0,1,0,3
169,5,7.03,1.04,0,1,1,1,2,1,2
170,3,6.02,2.02,3,0,0,0,4,0,1
171,5,6.03,1.04,3,1,0,0,2,2,2
172,1,6.02,5.01,2,1,0,0,0,0,2
173,5,6.04,1.04,3,1,0,0,4,2,1
174,0,6.05,6.02,1,0,1,1,4,3,1
175,2,6.01,4.02,3,0,1,0,0,0,2
176,4,7.05,3.05,3,1,0,1,3,1,3
177,4,6.04,3.02,3,1,1,0,3,2,2
178,5,7.01,1.02,3,1,0,0,4,2,1
179,3,6.06,2.03,3,0,1,1,4,1,1
180,5,6.02,1.01,3,1,0,0,1,0,3
181,1,6.02,1.02,2,1,1,1,2,3,2
182,5,7.03,1.02,0,1,1,1,2,1,2
183,1,6.03,1.02,2,1,0,0,3,0,2
184,4,6.05,3.03,3,1,1,0,1,2,2
185,1,7.02,5.03,2,1,0,0,4,2,1
186,0,7.02,6.02,1,0,1,1,4,3,1
187,3,6.05,2.03,3,0,1,1,1,1,3
188,2,6.05,4.02,3,0,0,1,0,3,2
189,0,7.04,6.03,1,0,0,0,4,2,1
190,3,6.03,2.02,3,0,0,0,2,0,2
191,1,6.02,1.02,2,1,0,0,1,2,1
192,5,6.03,1.04,3,1,0,0,1,2,2
193,2,6.04,4.02,3,0,1,0,3,2,2
194,3,7.01,2.02,3,0,0,0,1,0,2
195,1,6.03,5.02,2,1,0,0,0,2,2
196,1,6.01,1.02,2,1,1,1,2,1,2
197,3,7.04,2.03,3,0,1,1,0,1,3
198,4,7.03,3.03,3,1,1,0,4,0,1
199,0,6.03,6.02,1,0,1,1,3,3,1
200,4,6.02,3.03,3,1,0,1,4,3,1
201,5,6.06,1.04,3,1,0,0,1,2,2
202,0,7.03,6.02,1,0,0,0,3,0,2
203,0,7.04,6.02,1,0,1,1,4,3,1
204,5,6.02,1.01,3,1,0,0,2,0,3
205,4,6.03,3.03,3,1,0,1,4,1,1
206,4,7.04,3.02,3,1,1,0,2,2,2
207,1,7.02,1.02,2,1,0,0,1,0,2
208,5,6.03,1.02,0,1,1,1,0,1,2
209,0,6.06,6.02,1,0,0,0,0,0,2
210,1,6.06,5.02,2,1,0,0,0,2,2
211,4,6.01,3.03,3,1,0,1,4,3,1
212,5,6.06,1.02,0,1,1,1,3,3,0
213,5,6.04,1.04,3,1,0,0,4,0,1
214,0,7.03,6.02,1,0,1,1,1,3,1
215,3,6.04,2.03,3,0,1,1,1,3,2
216,5,7.04,1.01,0,1,1,1,4,1,1
217,2,6.06,4.03,3,0,1,0,4,2,1
218,2,6.03,4.02,3,0,1,0,4,2,1
219,0,7.02,6.02,1,0,0,0,3,0,2
220,0,7.03,6.02,1,0,0,0,0,0,2
221,5,7.03,1.04,3,1,0,0,3,2,2
222,0,7.04,6.05,1,0,1,1,4,3,1
223,0,7.02,6.02,1,0,1,1,4,1,1
224,1,6.07,5.01,2,1,0,0,1,0,2
225,5,7.01,1.04,0,1,1,1,2,3,1
226,5,6.02,1.03,3,1,0,0,1,0,3
227,4,6.04,3.02,3,1,1,0,0,0,2
228,0,6.04,6.02,1,0,1,1,1,3,1
229,0,7.02,6.02,1,0,1,1,0,1,2
230,5,6.04,1.01,0,1,1,1,0,3,1
231,3,7.03,2.02,3,0,1,1,3,3,1
232,1,7.05,5.01,2,1,0,0,2,0,2
233,3,6.02,2.03,3,0,0,0,1,0,2
234,5,6.02,1.04,0,1,1,1,2,1,2
235,3,7.02,2.03,3,0,1,1,4,3,1
236,1,6.01,5.05,2,1,1,1,4,3,1
237,1,6.02,5.01,2,1,0,0,3,0,2
238,1,6.05,5.03,2,1,1,1,0,1,2
239,0,7.05,6.02,1,0,0,0,4,0,1
240,0,7.08,6.03,1,0,1,1,4,1,1
241,2,6.06,4.02,3,0,1,0,3,2,2
242,2,6.03,4.03,3,0,0,1,0,1,3
243,0,7.01,6.04,1,0,0,0,0,0,2
244,1,7.02,5.03,2,1,1,1,1,1,2
245,4,6.02,3.02,3,1,0,1,3,3,2
246,5,6.02,1.03,3,1,0,0,3,0,3
247,5,6.06,1.03,0,1,1,1,2,3,1
248,1,7.05,1.02,2,1,1,1,4,1,1
249,0,7.02,6.04,1,0,1,1,4,1,1
250,1,6.02,5.02,2,1,0,0,3,0,2
251,3,6.02,2.03,3,0,1,1,1,1,3
252,0,7.05,6.02,1,0,1,1,4,1,1
253,1,6.02,1.02,2,1,1,1,2,1,2
254,4,7.02,3.05,3,1,1,0,3,0,3
255,4,6.02,3.02,3,1,0,1,0,3,2
256,0,7.02,6.03,1,0,1,1,2,1,2
257,3,6.03,2.03,3,0,0,0,1,2,1
258,1,6.02,5.03,2,1,1,1,0,3,2
259,2,7.04,4.02,3,0,1,0,3,2,2
260,0,7.02,6.03,1,0,1,1,4,3,1
261,5,6.03,1.04,0,1,1,1,3,1,1
262,1,6.06,5.03,2,1,1,1,0,1,2
263,4,7.05,3.02,3,1,1,0,4,0,1
264,0,7.02,6.02,1,0,1,1,3,1,2
265,0,6.02,6.02,1,0,1,1,1,1,2
266,3,7.03,2.04,3,0,1,1,1,1,3
267,1,6.05,5.03,2,1,1,1,1,3,1
268,4,7.04,3.02,3,1,0,1,3,3,2
269,5,6.01,1.04,3,1,0,0,1,0,3
270,3,7.01,2.03,3,0,1,1,2,3,2
271,1,6.01,5.05,2,1,0,0,3,2,1
272,5,6.03,1.01,0,1,1,1,4,1,1
273,5,6.01,1.02,3,1,0,0,0,0,3
274,3,6.03,2.03,3,0,1,1,3,3,1
275,1,7.03,5.05,2,1,1,1,3,3,1
276,5,7.02,1.02,0,1,1,1,1,3,0
277,5,7.02,1.02,0,1,1,1,0,3,1
278,2,7.01,4.03,3,0,0,1,4,3,1
279,0,7.03,6.05,1,0,1,1,3,3,1
280,1,6.06,5.02,2,1,0,0,2,2,2
281,4,7.03,3.02,3,1,1,0,0,2,2
282,5,6.01,1.02,0,1,1,1,3,3,0
283,3,7.05,2.03,3,0,0,0,2,2,2
284,5,6.04,1.03,0,1,1,1,2,3,1
285,2,7.04,4.03,3,0,0,1,4,1,1
286,1,7.05,5.05,2,1,1,1,3,1,2
287,1,7.02,5.02,2,1,1,1,2,3,2
288,3,6.05,2.04,3,0,0,0,2,2,2
289,5,6.05,1.03,3,1,0,0,2,2,2
290,4,7.01,3.02,3,1,1,0,4,2,1
291,1,7.05,5.03,2,1,1,1,1,1,2
292,5,7.03,1.04,0,1,1,1,4,1,1
293,4,7.05,3.02,3,1,1,0,2,0,2
294,3,6.04,2.02,3,0,0,0,4,0,1
295,1,6.04,1.02,2,1,0,0,0,0,2
296,2,6.04,4.02,3,0,1,0,0,0,2
297,1,6.01,5.05,2,1,0,0,0,2,2
298,0,7.04,6.05,1,0,1,1,2,1,2
299,3,7.01,2.03,3,0,1,1,4,3,1
300,0,7.03,6.02,1,0,1,1,3,3,1
301,1,7.02,5.05,2,1,1,1,1,3,1
302,5,6.0,1.02,3,1,0,0,3,0,3
303,4,7.03,3.02,3,1,0,1,1,1,3
304,5,6.02,1.01,3,1,0,0,0,2,2
305,1,7.01,5.03,2,1,1,1,4,1,1
306,4,6.04,3.03,3,1,0,1,0,1,3
307,0,7.02,6.03,1,0,0,0,3,0,2
308,5,6.05,1.04,0,1,1,1,1,1,1
309,2,6.02,4.03,3,0,0,1,4,3,1
310,4,6.01,3.05,3,1,1,0,4,0,1
311,1,6.02,1.02,2,1,1,1,1,1,2
312,3,7.02,2.02,3,0,1,1,0,1,3
313,0,7.05,6.04,1,0,0,0,0,0,2
314,5,7.01,1.02,3,1,0,0,3,2,2
315,4,6.06,3.05,3,1,1,0,0,0,2
316,2,6.04,4.05,3,0,1,0,3,0,3
317,3,6.03,2.03,3,0,0,0,3,2,1
318,4,7.05,3.02,3,1,1,0,3,2,2
319,1,7.02,5.02,2,1,1,1,0,3,2
320,3,7.03,2.02,3,0,0,0,0,2,2
321,4,7.04,3.02,3,1,0,1,4,1,1
322,3,6.06,2.03,3,0,1,1,2,3,2
323,2,7.03,4.02,3,0,0,1,3,1,3
324,5,7.04,1.01,0,1,1,1,1,1,1
325,5,6.04,1.04,0,1,1,1,3,1,1
326,5,6.02,1.01,3,1,0,0,3,2,2
327,4,6.01,3.02,3,1,1,0,3,2,2
328,5,7.08,1.02,3,1,0,0,3,0,3
329,5,6.02,1.02,0,1,1,1,2,3,1
330,0,6.03,6.03,1,0,1,1,4,1,1
331,1,6.05,5.03,2,1,0,0,0,0,2
332,1,6.04,5.01,2,1,0,0,0,2,2
333,4,7.02,3.03,3,1,0,1,0,3,2
334,4,7.03,3.02,3,1,1,0,1,0,3
335,5,6.05,1.02,0,1,1,1,1,1,1
336,3,6.01,2.02,3,0,1,1,3,1,2
337,3,7.03,2.03,3,0,1,1,4,3,1
338,5,6.04,1.03,3,1,0,0,2,2,2
339,3,7.02,2.03,3,0,1,1,4,1,1
340,5,6.01,1.02,3,1,0,0,4,0,1
341,0,7.04,6.04,1,0,1,1,2,1,2
342,2,6.04,4.02,3,0,1,0,0,2,2
343,3,7.01,2.02,3,0,1,1,1,3,2
344,5,6.05,1.03,3,1,0,0,3,0,3
345,5,7.01,1.01,3,1,0,0,4,2,1
346,1,7.02,5.02,2,1,0,0,1,0,2
347,1,6.01,5.02,2,1,0,0,4,2,1
348,3,7.05,2.03,3,0,0,0,4,2,1
349,5,6.05,1.01,3,1,0,0,0,0,3
350,0,7.03,6.02,1,0,1,1,1,1,2
351,2,6.01,4.02,3,0,1,0,4,2,1
352,1,6.03,5.01,2,1,1,1,3,1,2
353,5,7.01,1.02,0,1,1,1,1,1,1
354,3,6.04,2.02,3,0,1,1,4,3,1
355,5,7.01,1.02,0,1,1,1,1,3,0
356,1,6.04,5.03,2,1,0,0,1,0,2
357,0,6.03,6.03,1,0,0,0,3,2,1
358,4,6.01,3.02,3,1,1,0,2,0,2
359,1,7.01,1.02,2,1,0,0,2,2,2
360,3,7.04,2.02,3,0,0,0,4,2,1
361,0,7.05,6.03,1,0,0,0,1,2,1
362,1,6.02,5.01,2,1,1,1,3,1,2
363,3,7.01,2.03,3,0,0,0,3,2,1
364,5,6.04,1.01,3,1,0,0,2,0,3
365,3,7.03,2.02,3,0,0,0,3,0,2
366,5,7.01,1.03,0,1,1,1,4,1,1
367,1,7.04,5.02,2,1,0,0,3,0,2
368,2,6.04,4.02,3,0,1,0,2,2,2
369,2,6.02,4.05,3,0,1,0,3,2,2
370,0,7.03,6.02,1,0,0,0,4,0,1
371,0,6.01,6.03,1,0,0,0,2,0,2
372,1,6.04,5.03,2,1,0,0,3,0,2
373,1,6.04,5.02,2,1,1,1,4,3,1
374,4,6.02,3.02,3,1,1,0,4,2,1
375,3,6.05,2.02,3,0,1,1,1,1,3
376,5,6.03,1.01,3,1,0,0,3,0,3
377,3,6.02,2.03,3,0,1,1,0,3,2
378,1,6.03,5.05,2,1,0,0,1,2,1
379,5,6.06,1.01,3,1,0,0,0,0,3
380,4,7.03,3.02,3,1,0,1,4,3,1
381,3,7.04,2.03,3,0,1,1,2,3,2
382,5,6.04,1.01,0,1,1,1,3,3,0
383,0,7.05,6.02,1,0,0,0,2,2,2
384,2,6.02,4.05,3,0,1,0,4,2,1
385,3,6.05,2.03,3,0,0,0,3,2,1
386,3,7.03,2.02,3,0,0,0,1,2,1
387,3,7.03,2.02,3,0,1,1,4,3,1
388,5,7.01,1.02,3,1,0,0,2,0,3
389,1,7.03,5.05,2,1,0,0,3,0,2
390,5,6.05,1.02,3,1,0,0,1,2,2
391,3,7.04,2.02,3,0,0,0,0,2,2
392,3,6.01,2.04,3,0,0,0,1,2,1
393,1,6.04,5.05,2,1,0,0,1,2,1
394,3,6.02,2.03,3,0,0,0,0,2,2
395,0,7.02,6.03,1,0,0,0,4,0,1
396,0,7.05,6.03,1,0,0,0,2,0,2
397,0,7.02,6.03,1,0,0,0,2,2,2
398,5,6.06,1.01,0,1,1,1,3,1,1
399,0,6.04,6.05,1,0,0,0,3,2,1
400,3,6.01,2.02,3,0,1,1,4,1,1
401,3,6.05,2.02,3,0,0,0,4,0,1
402,3,6.02,2.02,3,0,1,1,2,3,2
403,1,6.01,5.03,2,1,0,0,4,0,1
404,3,7.01,2.04,3,0,0,0,0,2,2
405,5,6.01,1.03,0,1,1,1,1,1,1
406,1,6.05,5.01,2,1,0,0,0,2,2
407,2,6.03,4.02,3,0,1,0,1,0,3
408,0,6.06,6.02,1,0,0,0,4,0,1
409,0,7.02,6.04,1,0,0,0,1,0,2
410,4,7.03,3.03,3,1,1,0,2,2,2
411,4,7.05,3.03,3,1,0,1,4,1,1
412,5,7.04,1.01,3,1,0,0,0,2,2
413,5,7.03,1.03,0,1,1,1,2,3,1
414,1,6.02,5.03,2,1,0,0,4,2,1
415,0,6.02,6.02,1,0,0,0,0,0,2
416,3,6.01,2.03,3,0,1,1,2,1,3
417,1,7.02,1.02,2,1,0,0,2,0,2
418,1,6.03,5.02,2,1,1,1,0,3,2
419,3,7.01,2.02,3,0,1,1,3,3,1
420,5,6.04,1.03,0,1,1,1,4,1,1
421,5,6.04,1.04,3,1,0,0,1,0,3
422,2,6.03,4.02,3,0,1,0,3,0,3
423,5,6.04,1.02,3,1,0,0,4,2,1
424,4,6.04,3.02,3,1,0,1,4,3,1
425,1,7.02,5.01,2,1,0,0,4,0,1
426,2,6.05,4.03,3,0,1,0,2,2,2
427,1,6.06,5.03,2,1,1,1,2,3,2
428,2,6.05,4.05,3,0,0,1,1,1,3
429,4,6.01,3.03,3,1,1,0,3,0,3
430,2,6.01,4.03,3,0,0,1,2,3,2
431,1,6.05,5.02,2,1,1,1,4,1,1
432,5,6.04,1.04,3,1,0,0,0,0,3
433,5,7.03,1.01,0,1,1,1,0,3,1
434,5,6.04,1.04,3,1,0,0,0,2,2
435,4,6.04,3.02,3,1,0,1,3,1,3
436,5,6.02,1.03,0,1,1,1,3,3,0
437,1,7.02,1.02,2,1,0,0,0,2,2
438,5,6.05,1.03,3,1,0,0,3,2,2
439,1,6.02,5.02,2,1,1,1,1,1,2
440,2,6.02,4.03,3,0,0,1,2,1,3
441,2,6.01,4.02,3,0,1,0,2,0,2
442,5,6.03,1.04,3,1,0,0,4,0,1
443,1,6.06,5.02,2,1,1,1,2,3,2
444,3,6.03,2.02,3,0,0,0,1,2,1
445,3,6.04,2.02,3,0,1,1,0,1,3
446,1,6.03,1.02,2,1,0,0,0,2,2
447,5,7.01,1.02,3,1,0,0,3,0,3
448,5,7.01,1.03,0,1,1,1,3,1,1
449,0,7.03,6.02,1,0,0,0,3,2,1
450,2,6.04,4.03,3,0,1,0,3,2,2
451,3,6.05,2.02,3,0,0,0,1,2,1
452,5,7.02,1.01,0,1,1,1,2,3,1
453,2,6.01,4.03,3,0,1,0,0,2,2
454,1,7.04,5.02,2,1,0,0,4,2,1
455,3,7.02,2.02,3,0,0,0,1,0,2
456,5,7.01,1.02,3,1,0,0,1,2,2
457,4,6.02,3.05,3,1,1,0,4,0,1
458,2,6.04,4.03,3,0,1,0,0,2,2
459,5,7.01,1.02,0,1,1,1,0,3,1
460,4,6.03,3.03,3,1,1,0,0,0,2
461,2,7.03,4.05,3,0,0,1,3,1,3
462,2,6.01,4.03,3,0,0,1,4,1,1
463,4,6.03,3.05,3,1,0,1,4,3,1
464,1,6.03,5.05,2,1,0,0,3,2,1
465,1,7.01,1.02,2,1,0,0,4,0,1
466,0,7.04,6.03,1,0,0,0,2,0,2
467,5,6.05,1.04,0,1,1,1,1,3,0
468,5,6.03,1.01,0,1,1,1,3,3,0
469,4,7.01,3.02,3,1,0,1,2,3,2
470,3,6.04,2.04,3,0,1,1,0,3,2
471,3,6.03,2.02,3,0,0,0,0,0,2
472,1,6.04,1.02,2,1,1,1,0,1,2
473,5,7.04,1.04,3,1,0,0,2,0,3
474,0,7.01,6.02,1,0,1,1,1,3,1
475,3,7.03,2.03,3,0,1,1,2,3,2
476,5,7.04,1.01,0,1,1,1,3,3,0
477,1,6.01,5.03,2,1,1,1,2,3,2
478,2,6.04,4.05,3,0,0,1,3,1,3
479,5,6.03,1.02,3,1,0,0,3,2,2
480,5,7.03,1.03,3,1,0,0,1,2,2
481,5,6.01,1.02,3,1,0,0,0,2,2
482,3,7.02,2.03,3,0,0,0,4,0,1
483,3,7.03,2.02,3,0,0,0,3,2,1
484,5,7.02,1.03,0,1,1,1,3,3,0
485,4,7.01,3.03,3,1,1,0,3,0,3
486,1,7.05,1.02,2,1,1,1,2,3,2
487,0,7.02,6.04,1,0,1,1,2,1,2
488,2,6.04,4.03,3,0,0,1,3,3,2
489,3,7.01,2.03,3,0,1,1,0,3,2
490,0,7.04,6.04,1,0,0,0,0,2,2
491,5,6.06,1.02,0,1,1,1,4,3,1
492,3,7.05,2.02,3,0,1,1,1,1,3
493,5,6.04,1.01,0,1,1,1,2,3,1
494,5,7.03,1.02,0,1,1,1,2,3,1
495,1,6.02,5.01,2,1,1,1,0,3,2
496,1,6.04,5.03,2,1,1,1,0,1,2
497,1,6.07,5.02,2,1,0,0,4,0,1
498,0,6.04,6.02,1,0,0,0,4,0,1
499,1,7.02,1.02,2,1,1,1,2,1,2
500,3,7.01,2.02,3,0,1,1,1,1,3
501,2,6.02,4.03,3,0,0,1,0,1,3
502,1,6.04,5.02,2,1,0,0,0,2,2
503,2,7.03,4.02,3,0,1,0,0,0,2
504,4,6.01,3.03,3,1,0,1,2,3,2
505,4,7.01,3.03,3,1,1,0,2,2,2
506,1,7.04,5.02,2,1,0,0,4,0,1
507,5,7.01,1.04,3,1,0,0,1,2,2
508,1,6.01,5.01,2,1,1,1,2,3,2
509,4,7.01,3.02,3,1,1,0,2,0,2
510,0,6.06,6.02,1,0,0,0,4,2,1
511,1,6.01,5.02,2,1,0,0,2,0,2
512,3,6.03,2.02,3,0,1,1,4,3,1
513,0,7.04,6.02,1,0,1,1,2,3,2
514,5,7.02,1.01,0,1,1,1,2,1,2
515,1,7.02,5.05,2,1,1,1,3,3,1
516,4,7.01,3.03,3,1,1,0,4,2,1
517,4,7.02,3.02,3,1,0,1,3,3,2
518,5,6.01,1.01,3,1,0,0,4,0,1
519,3,7.01,2.03,3,0,1,1,1,3,2
520,4,7.02,3.02,3,1,0,1,0,1,3
521,3,7.02,2.02,3,0,1,1,4,3,1
522,2,7.04,4.03,3,0,1,0,4,0,1
523,1,7.02,1.02,2,1,1,1,0,3,2
524,0,7.01,6.05,1,0,0,0,1,0,2
525,1,6.01,1.02,2,1,0,0,1,2,1
526,0,7.05,6.02,1,0,1,1,3,1,2
527,0,7.02,6.03,1,0,0,0,1,0,2
528,5,6.02,1.03,0,1,1,1,2,3,1
529,1,6.04,5.01,2,1,0,0,4,0,1
530,3,6.05,2.02,3,0,1,1,4,1,1
531,0,7.01,6.03,1,0,1,1,2,1,2
532,3,6.04,2.03,3,0,0,0,1,0,2
533,1,6.02,5.01,2,1,0,0,2,0,2
534,2,7.02,4.02,3,0,0,1,0,1,3
535,3,7.01,2.02,3,0,1,1,4,1,1
536,5,7.04,1.03,0,1,1,1,1,1,1
537,5,6.06,1.02,3,1,0,0,1,2,2
538,5,6.01,1.04,3,1,0,0,3,0,3
539,1,6.03,5.02,2,1,0,0,4,0,1
540,0,7.03,6.04,1,0,1,1,0,1,2
541,5,6.04,1.03,0,1,1,1,2,1,2
542,5,7.05,1.01,0,1,1,1,3,1,1
543,0,7.01,6.04,1,0,0,0,4,2,1
544,2,7.03,4.03,3,0,1,0,4,2,1
545,1,6.02,5.02,2,1,0,0,4,2,1
546,5,6.03,1.02,0,1,1,1,0,3,1
547,3,6.05,2.02,3,0,0,0,2,2,2
548,3,6.04,2.03,3,0,0,0,3,0,2
549,3,6.04,2.03,3,0,0,0,0,0,2
550,3,7.01,2.04,3,0,1,1,2,1,3
551,5,6.01,1.01,3,1,0,0,4,2,1
552,1,6.05,5.02,2,1,1,1,1,1,2
553,1,6.05,5.03,2,1,0,0,3,2,1
554,4,6.03,3.03,3,1,1,0,2,2,2
555,0,6.05,6.03,1,0,1,1,4,3,1
556,0,7.05,6.05,1,0,1,1,4,1,1
557,1,6.05,5.05,2,1,0,0,2,2,2
558,0,7.01,6.02,1,0,1,1,4,1,1
559,1,7.01,5.02,2,1,0,0,1,0,2
560,5,7.02,1.02,3,1,0,0,1,0,3
561,4,7.04,3.03,3,1,0,1,1,3,3
562,1,7.02,1.02,2,1,0,0,0,0,2
563,5,7.04,1.02,3,1,0,0,2,0,3
564,3,6.05,2.04,3,0,1,1,0,1,3
565,3,7.02,2.03,3,0,1,1,1,1,3
566,2,6.05,4.03,3,0,0,1,2,3,2
567,2,6.05,4.02,3,0,1,0,3,0,3
568,1,6.06,5.01,2,1,0,0,4,0,1
569,0,7.04,6.02,1,0,0,0,0,0,2
570,0,7.04,6.02,1,0,1,1,0,3,2
571,1,6.06,5.03,2,1,1,1,4,3,1
572,5,7.03,1.01,3,1,0,0,1,2,2
573,5,7.01,1.03,3,1,0,0,3,0,3
574,5,6.04,1.04,3,1,0,0,2,0,3
575,2,7.02,4.02,3,0,1,0,4,0,1
576,1,7.02,5.02,2,1,0,0,3,0,2
577,2,6.04,4.05,3,0,0,1,1,3,3
578,4,6.01,3.02,3,1,1,0,2,2,2
579,0,6.06,6.02,1,0,0,0,0,2,2
580,5,7.02,1.04,3,1,0,0,4,0,1
581,3,6.01,2.02,3,0,1,1,3,3,1
582,2,6.03,4.03,3,0,1,0,1,0,3
583,1,7.04,5.02,2,1,0,0,2,2,2
584,3,6.04,2.03,3,0,1,1,4,1,1
585,1,6.01,5.02,2,1,1,1,1,3,1
586,4,6.03,3.02,3,1,1,0,1,0,3
587,1,7.03,5.01,2,1,0,0,4,2,1
588,3,6.04,2.03,3,0,0,0,0,2,2
589,1,7.02,5.01,2,1,0,0,2,2,2
590,5,7.05,1.02,3,1,0,0,1,0,3
591,4,6.03,3.02,3,1,0,1,3,1,3
592,2,6.01,4.05,3,0,0,1,3,3,2
593,4,6.0,3.02,3,1,1,0,3,0,3
594,2,7.04,4.02,3,0,0,1,4,1,1
595,5,7.02,1.04,0,1,1,1,0,1,2
596,0,7.03,6.02,1,0,0,0,1,2,1
597,4,7.03,3.02,3,1,1,0,4,0,1
598,1,7.01,5.02,2,1,1,1,2,1,2
599,5,7.08,1.04,0,1,1,1,4,1,1
600,2,6.02,4.02,3,0,1,0,3,2,2
601,1,7.01,5.01,2,1,0,0,0,2,2
602,2,6.06,4.02,3,0,1,0,4,0,1
603,3,6.03,2.02,3,0,0,0,3,2,1
604,1,7.04,5.03,2,1,0,0,4,0,1
605,1,7.05,5.01,2,1,1,1,4,3,1
606,5,6.01,1.02,3,1,0,0,2,2,2
607,4,7.02,3.05,3,1,0,1,2,1,3
608,2,6.02,4.02,3,0,1,0,0,0,2
609,0,7.05,6.03,1,0,1,1,4,1,1
610,0,7.04,6.03,1,0,1,1,0,1,2
611,2,7.03,4.02,3,0,1,0,3,0,3
612,5,7.05,1.01,3,1,0,0,1,2,2
613,4,7.03,3.03,3,1,1,0,4,2,1
614,3,7.03,2.03,3,0,0,0,1,0,2
615,0,7.01,6.02,1,0,1,1,0,1,2
616,1,7.02,5.02,2,1,1,1,1,1,2
617,1,6.01,5.01,2,1,0,0,0,0,2
618,0,7.02,6.05,1,0,1,1,3,3,1
619,4,7.02,3.02,3,1,0,1,2,3,2
620,3,7.05,2.03,3,0,0,0,2,0,2
621,2,6.02,4.03,3,0,0,1,2,3,2
622,2,7.05,4.02,3,0,1,0,1,2,2
623,1,7.02,5.01,2,1,1,1,4,1,1
624,0,7.01,6.04,1,0,1,1,0,1,2
625,5,7.03,1.02,0,1,1,1,3,1,1
626,0,6.04,6.02,1,0,0,0,4,2,1
627,5,6.06,1.03,0,1,1,1,0,3,1
628,3,6.01,2.03,3,0,0,0,3,2,1
629,5,7.01,1.03,0,1,1,1,3,3,0
630,0,7.02,6.05,1,0,0,0,2,0,2
631,4,6.03,3.02,3,1,0,1,0,1,3
632,5,7.04,1.04,0,1,1,1,1,1,1
633,4,7.02,3.02,3,1,0,1,4,3,1
634,4,6.01,3.05,3,1,0,1,0,3,2
635,5,7.04,1.01,3,1,0,0,0,0,3
636,4,7.04,3.02,3,1,0,1,0,3,2
637,4,6.01,3.02,3,1,0,1,4,1,1
638,4,7.05,3.02,3,1,0,1,0,3,2
639,3,6.03,2.02,3,0,1,1,1,1,3
640,3,6.04,2.03,3,0,0,0,2,0,2
641,2,7.03,4.03,3,0,1,0,1,0,3
642,0,7.04,6.02,1,0,0,0,2,0,2
643,3,6.03,2.02,3,0,1,1,4,1,1
644,4,6.01,3.02,3,1,0,1,1,3,3
645,4,6.02,3.02,3,1,1,0,1,2,2
646,0,6.04,6.02,1,0,0,0,0,0,2
647,0,6.04,6.05,1,0,1,1,2,1,2
648,2,6.03,4.03,3,0,1,0,2,0,2
649,2,6.02,4.05,3,0,0,1,1,1,3
650,3,6.01,2.02,3,0,0,0,4,2,1
651,4,7.04,3.03,3,1,0,1,2,3,2
652,5,6.03,1.02,0,1,1,1,3,3,0
653,5,7.03,1.01,0,1,1,1,1,3,0
654,4,6.01,3.02,3,1,1,0,1,2,2
655,2,6.02,4.02,3,0,0,1,2,1,3
656,2,6.03,4.02,3,0,0,1,4,1,1
657,1,7.04,5.02,2,1,1,1,0,1,2
658,3,7.03,2.02,3,0,0,0,2,2,2
659,5,6.03,1.02,0,1,1,1,1,1,1
660,1,7.04,1.02,2,1,0,0,4,2,1
661,5,7.02,1.03,0,1,1,1,2,3,1
662,4,6.05,3.02,3,1,0,1,4,3,1
663,5,6.04,1.02,3,1,0,0,1,2,2
664,4,6.02,3.02,3,1,0,1,3,1,3
665,0,7.03,6.02,1,0,0,0,0,2,2
666,5,6.0,1.04,3,1,0,0,4,0,1
667,1,7.01,5.02,2,1,1,1,0,1,2
668,1,7.05,5.03,2,1,1,1,0,3,2
669,1,6.04,5.03,2,1,0,0,2,2,2
670,4,7.03,3.03,3,1,1,0,0,0,2
671,0,7.04,6.04,1,0,1,1,3,3,1
672,5,7.03,1.04,3,1,0,0,0,2,2
673,3,6.0,2.03,3,0,0,0,4,2,1
674,2,7.01,4.05,3,0,1,0,2,2,2
675,4,7.03,3.03,3,1,1,0,3,0,3
676,4,7.02,3.05,3,1,1,0,0,2,2
677,1,6.02,5.01,2,1,1,1,0,1,2
678,5,7.05,1.01,3,1,0,0,1,0,3
679,2,7.02,4.05,3,0,0,1,4,3,1
680,5,7.04,1.01,0,1,1,1,1,3,0
681,4,6.04,3.02,3,1,1,0,0,2,2
682,1,6.01,5.01,2,1,0,0,3,0,2
683,2,7.05,4.03,3,0,1,0,0,0,2
684,0,7.01,6.03,1,0,1,1,3,1,2
685,0,7.03,6.03,1,0,1,1,2,3,2
686,5,7.02,1.03,0,1,1,1,4,3,1
687,5,7.02,1.02,3,1,0,0,2,0,3
688,1,7.05,5.02,2,1,0,0,2,0,2
689,0,6.04,6.02,1,0,0,0,1,2,1
690,0,6.02,6.02,1,0,1,1,4,1,1
691,2,6.01,4.03,3,0,0,1,1,1,3
692,1,6.06,5.03,2,1,0,0,2,0,2
693,5,7.03,1.01,3,1,0,0,4,2,1
694,4,6.01,3.03,3,1,1,0,1,2,2
695,0,7.01,6.03,1,0,0,0,0,2,2
696,3,7.05,2.03,3,0,1,1,4,3,1
697,1,6.04,5.02,2,1,1,1,0,3,2
698,2,6.02,4.02,3,0,1,0,0,2,2
699,5,7.04,1.01,0,1,1,1,0,1,2
700,5,6.04,1.02,0,1,1,1,2,1,2
701,2,7.01,4.03,3,0,0,1,1,3,3
702,3,6.01,2.03,3,0,0,0,4,2,1
703,3,6.02,2.02,3,0,1,1,1,1,3
704,3,7.04,2.02,3,0,0,0,2,2,2
705,1,6.01,1.02,2,1,0,0,2,2,2
706,0,7.03,6.02,1,0,0,0,4,2,1
707,3,7.03,2.04,3,0,0,0,2,0,2
708,2,6.02,4.05,3,0,0,1,0,3,2
709,5,6.02,1.02,3,1,0,0,2,2,2
710,2,6.03,4.03,3,0,0,1,4,1,1
711,4,6.04,3.02,3,1,1,0,1,2,2
712,3,6.04,2.02,3,0,0,0,1,0,2
713,1,6.02,5.03,2,1,0,0,3,0,2
714,4,6.05,3.02,3,1,1,0,1,2,2
715,4,6.01,3.05,3,1,1,0,3,0,3
716,0,7.01,6.04,1,0,0,0,3,2,1
717,1,7.05,5.03,2,1,1,1,2,1,2
718,5,7.04,1.04,3,1,0,0,3,2,2
719,5,6.06,1.04,3,1,0,0,4,2,1
720,1,7.03,5.01,2,1,1,1,4,1,1
721,3,6.04,2.02,3,0,1,1,3,3,1
722,2,6.03,4.02,3,0,0,1,0,1,3
723,5,7.03,1.03,0,1,1,1,4,1,1
724,3,6.01,2.02,3,0,0,0,0,2,2
725,3,7.02,2.02,3,0,1,1,1,3,2
726,3,7.01,2.03,3,0,1,1,1,1,3
727,3,6.02,2.03,3,0,0,0,3,0,2
728,0,7.05,6.03,1,0,0,0,4,0,1
729,3,7.01,2.03,3,0,1,1,4,1,1
730,2,7.03,4.03,3,0,1,0,0,2,2
731,2,6.01,4.03,3,0,1,0,2,0,2
732,2,7.02,4.02,3,0,0,1,3,1,3
733,4,7.01,3.05,3,1,0,1,0,1,3
734,1,7.02,5.01,2,1,1,1,1,1,2
735,0,7.03,6.03,1,0,1,1,3,3,1
736,3,6.02,2.03,3,0,0,0,3,2,1
737,5,7.04,1.01,0,1,1,1,3,1,1
738,0,6.05,6.02,1,0,1,1,0,3,2
739,2,6.06,4.03,3,0,1,0,4,0,1
740,5,6.02,1.02,0,1,1,1,0,1,2
741,4,6.04,3.03,3,1,0,1,2,1,3
742,3,7.01,2.04,3,0,0,0,3,0,2
743,4,7.03,3.02,3,1,0,1,4,1,1
744,5,6.01,1.04,0,1,1,1,3,3,0
745,5,6.05,1.02,3,1,0,0,3,2,2
746,2,6.01,4.02,3,0,1,0,3,2,2
747,3,7.02,2.02,3,0,0,0,2,2,2
748,4,6.04,3.03,3,1,1,0,4,2,1
749,5,6.01,1.01,0,1,1,1,3,3,0
750,4,7.02,3.02,3,1,1,0,3,2,2
751,3,7.02,2.02,3,0,0,0,4,0,1
752,0,6.03,6.02,1,0,1,1,3,1,2
753,5,6.06,1.03,3,1,0,0,2,0,3
754,5,6.02,1.03,3,1,0,0,0,2,2
755,5,6.01,1.04,0,1,1,1,2,3,1
756,1,6.03,5.03,2,1,0,0,1,2,1
757,2,7.01,4.02,3,0,0,1,2,3,2
758,3,6.06,2.03,3,0,1,1,3,1,2
759,5,7.05,1.02,3,1,0,0,1,2,2
760,2,7.05,4.03,3,0,0,1,3,1,3
761,4,6.04,3.03,3,1,0,1,0,3,2
762,1,6.06,1.02,2,1,0,0,3,2,1
763,3,7.03,2.03,3,0,1,1,0,1,3
764,2,6.01,4.03,3,0,0,1,4,3,1
765,4,6.0,3.03,3,1,0,1,3,3,2
766,3,7.01,2.02,3,0,1,1,2,1,3
767,5,7.04,1.01,3,1,0,0,1,0,3
768,5,7.02,1.03,0,1,1,1,4,1,1
769,2,6.04,4.05,3,0,0,1,2,1,3
770,1,7.05,5.05,2,1,0,0,0,0,2
771,5,6.01,1.01,0,1,1,1,4,1,1
772,1,6.02,5.02,2,1,0,0,3,2,1
773,1,7.03,5.03,2,1,0,0,3,0,2
774,2,6.04,4.05,3,0,0,1,0,1,3
775,2,7.02,4.02,3,0,0,1,1,3,3
776,4,6.05,3.02,3,1,0,1,4,1,1
777,0,6.06,6.03,1,0,0,0,1,2,1
778,1,7.05,5.02,2,1,0,0,1,0,2
779,1,6.01,1.02,2,1,0,0,2,0,2
780,3,7.03,2.02,3,0,1,1,1,3,2
781,4,7.03,3.03,3,1,0,1,3,1,3
782,0,7.05,6.05,1,0,1,1,0,1,2
783,5,7.04,1.04,0,1,1,1,0,3,1
784,1,6.04,1.02,2,1,1,1,3,1,2
785,0,7.08,6.03,1,0,0,0,3,2,1
786,1,6.04,1.02,2,1,1,1,3,3,1
787,3,7.03,2.02,3,0,1,1,2,1,3
788,4,6.01,3.03,3,1,1,0,2,0,2
789,5,6.01,1.04,3,1,0,0,1,2,2
790,3,7.03,2.02,3,0,1,1,0,1,3
791,1,7.03,5.03,2,1,1,1,4,3,1
792,0,7.01,6.03,1,0,0,0,4,2,1
793,5,6.02,1.04,3,1,0,0,1,2,2
794,5,7.02,1.04,3,1,0,0,0,0,3
795,3,6.05,2.03,3,0,1,1,1,3,2
796,1,6.01,5.01,2,1,1,1,0,3,2
797,2,6.07,4.02,3,0,0,1,1,1,3
798,2,6.03,4.05,3,0,1,0,3,2,2
799,4,7.02,3.03,3,1,0,1,2,1,3
800,0,7.01,6.02,1,0,0,0,3,2,1
801,3,6.04,2.03,3,0,1,1,3,3,1
802,5,7.01,1.01,0,1,1,1,4,1,1
803,2,6.04,4.05,3,0,1,0,3,2,2
804,2,6.06,4.03,3,0,0,1,3,1,3
805,3,7.05,2.02,3,0,1,1,1,3,2
806,2,6.06,4.05,3,0,0,1,4,3,1
807,4,7.03,3.03,3,1,1,0,3,2,2
808,1,6.01,5.03,2,1,0,0,0,0,2
809,5,6.02,1.03,0,1,1,1,4,1,1
810,4,7.02,3.03,3,1,1,0,0,2,2
811,3,7.02,2.02,3,0,1,1,3,1,2
812,4,6.04,3.03,3,1,1,0,0,2,2
813,4,6.04,3.03,3,1,1,0,4,0,1
814,5,7.01,1.04,3,1,0,0,4,2,1
815,2,6.04,4.03,3,0,0,1,1,1,3
816,3,7.05,2.02,3,0,1,1,2,3,2
817,2,6.01,4.03,3,0,1,0,0,0,2
818,3,6.01,2.02,3,0,0,0,4,0,1
819,4,6.05,3.02,3,1,1,0,0,2,2
820,1,7.05,5.02,2,1,1,1,4,3,1
821,5,6.03,1.04,0,1,1,1,1,3,0
822,1,7.03,5.03,2,1,0,0,0,2,2
823,5,7.04,1.02,3,1,0,0,4,0,1
824,1,7.04,5.03,2,1,1,1,0,1,2
825,0,7.03,6.02,1,0,1,1,4,3,1
826,5,6.02,1.01,0,1,1,1,3,1,1
827,2,7.04,4.02,3,0,0,1,1,3,3
828,5,7.05,1.04,0,1,1,1,0,3,1
829,5,6.03,1.03,0,1,1,1,4,3,1
830,1,6.05,5.03,2,1,0,0,2,2,2
831,0,6.03,6.02,1,0,1,1,1,1,2
832,1,7.05,5.02,2,1,1,1,3,3,1
833,0,7.03,6.05,1,0,1,1,0,1,2
834,1,6.02,5.02,2,1,1,1,0,3,2
835,2,7.03,4.03,3,0,1,0,3,0,3
836,5,6.03,1.02,3,1,0,0,2,2,2
837,1,6.04,1.02,2,1,0,0,1,0,2
838,1,7.03,5.01,2,1,1,1,0,1,2
839,2,6.02,4.05,3,0,1,0,0,0,2
840,5,7.04,1.03,0,1,1,1,4,1,1
841,4,7.01,3.05,3,1,1,0,0,0,2
842,5,7.01,1.01,3,1,0,0,0,2,2
843,2,6.04,4.03,3,0,0,1,0,1,3
844,0,7.03,6.03,1,0,0,0,2,0,2
845,1,6.04,5.01,2,1,1,1,1,3,1
846,3,6.01,2.02,3,0,1,1,2,1,3
847,1,7.02,5.03,2,1,1,1,0,1,2
848,1,7.01,1.02,2,1,1,1,2,1,2
849,3,7.05,2.03,3,0,1,1,4,1,1
850,5,7.03,1.01,3,1,0,0,4,0,1
851,3,6.02,2.04,3,0,1,1,4,3,1
852,4,7.02,3.02,3,1,0,1,4,1,1
853,5,6.03,1.01,3,1,0,0,1,0,3
854,4,6.05,3.03,3,1,1,0,2,2,2
855,1,7.01,5.03,2,1,1,1,2,3,2
856,1,7.02,5.03,2,1,0,0,0,0,2
857,5,7.04,1.03,3,1,0,0,3,2,2
858,1,6.03,5.03,2,1,0,0,1,0,2
859,3,6.05,2.03,3,0,1,1,4,1,1
860,0,7.02,6.03,1,0,1,1,1,3,1
861,0,7.01,6.02,1,0,1,1,2,1,2
862,2,6.03,4.02,3,0,0,1,2,3,2
863,5,7.05,1.04,3,1,0,0,4,0,1
864,5,6.03,1.01,0,1,1,1,3,1,1
865,4,7.04,3.02,3,1,1,0,3,2,2
866,2,6.04,4.03,3,0,1,0,2,0,2
867,4,6.02,3.03,3,1,0,1,0,1,3
868,4,7.02,3.03,3,1,0,1,1,3,3
869,4,6.02,3.03,3,1,1,0,3,2,2
870,5,6.0,1.03,0,1,1,1,3,1,1
871,1,6.01,5.05,2,1,0,0,2,2,2
872,4,7.04,3.03,3,1,1,0,1,0,3
873,1,6.03,5.05,2,1,0,0,0,2,2
874,1,6.03,5.03,2,1,1,1,3,3,1
875,1,6.04,5.02,2,1,0,0,4,2,1
876,3,7.03,2.03,3,0,1,1,1,1,3
877,2,6.03,4.03,3,0,1,0,2,2,2
878,2,6.05,4.05,3,0,0,1,4,3,1
879,0,7.01,6.04,1,0,0,0,4,0,1
880,5,7.04,1.02,0,1,1,1,2,1,2
881,3,7.03,2.02,3,0,0,0,2,0,2
882,1,6.07,5.03,2,1,0,0,2,2,2
883,2,6.05,4.03,3,0,1,0,3,2,2
884,3,6.01,2.03,3,0,1,1,3,3,1
885,2,6.03,4.03,3,0,1,0,0,2,2
886,5,7.02,1.04,0,1,1,1,2,1,2
887,4,6.03,3.02,3,1,1,0,4,2,1
888,5,7.03,1.01,0,1,1,1,1,1,1
889,2,6.04,4.02,3,0,0,1,3,1,3
890,0,7.05,6.02,1,0,1,1,1,3,1
891,1,6.04,5.03,2,1,1,1,0,3,2
892,0,6.04,6.03,1,0,1,1,3,1,2
893,2,6.05,4.03,3,0,0,1,3,1,3
894,1,6.05,5.01,2,1,0,0,1,2,1
895,5,7.02,1.04,0,1,1,1,4,3,1
896,1,7.05,5.03,2,1,0,0,0,0,2
897,5,6.03,1.01,3,1,0,0,2,2,2
898,3,7.03,2.04,3,0,1,1,2,1,3
899,3,6.03,2.02,3,0,1,1,3,3,1
900,1,6.05,5.03,2,1,0,0,0,2,2
901,5,6.01,1.01,3,1,0,0,2,2,2
902,2,7.01,4.03,3,0,0,1,2,1,3
903,3,7.01,2.03,3,0,0,0,0,0,2
904,3,6.05,2.03,3,0,0,0,0,0,2
905,1,7.02,5.01,2,1,0,0,0,2,2
906,5,6.03,1.03,3,1,0,0,1,0,3
907,3,6.04,2.03,3,0,1,1,0,1,3
908,5,6.02,1.01,0,1,1,1,1,3,0
909,2,7.02,4.03,3,0,0,1,3,1,3
910,4,6.05,3.02,3,1,1,0,2,2,2
911,1,6.04,5.05,2,1,0,0,2,2,2
912,0,7.04,6.02,1,0,1,1,1,3,1
913,4,6.03,3.03,3,1,1,0,2,0,2
914,1,7.03,5.02,2,1,0,0,4,2,1
915,3,7.03,2.04,3,0,1,1,4,1,1
916,2,7.01,4.02,3,0,1,0,2,2,2
917,5,6.04,1.03,3,1,0,0,3,2,2
918,0,7.05,6.04,1,0,0,0,2,2,2
919,5,7.05,1.03,3,1,0,0,0,2,2
920,1,6.04,5.02,2,1,1,1,1,1,2
921,1,6.02,5.01,2,1,0,0,2,2,2
922,1,7.04,5.05,2,1,1,1,4,3,1
923,0,7.04,6.05,1,0,0,0,4,2,1
924,3,6.03,2.02,3,0,0,0,2,2,2
925,2,6.04,4.03,3,0,0,1,3,1,3
926,1,6.04,5.02,2,1,0,0,3,0,2
927,5,7.02,1.02,0,1,1,1,4,3,1
928,4,6.05,3.03,3,1,1,0,4,2,1
929,2,7.03,4.03,3,0,0,1,0,3,2
930,5,6.03,1.03,3,1,0,0,0,2,2
931,1,6.04,5.02,2,1,1,1,3,3,1
932,2,7.05,4.03,3,0,0,1,3,3,2
933,1,7.05,5.01,2,1,1,1,1,3,1
934,1,6.01,5.02,2,1,0,0,1,0,2
935,5,7.02,1.03,0,1,1,1,1,3,0
936,5,6.04,1.03,3,1,0,0,4,0,1
937,5,6.05,1.03,0,1,1,1,3,1,1
938,5,6.04,1.04,3,1,0,0,2,2,2
939,5,7.05,1.02,3,1,0,0,3,0,3
940,4,7.05,3.03,3,1,0,1,1,3,3
941,0,7.04,6.02,1,0,0,0,1,2,1
942,0,7.02,6.04,1,0,0,0,4,2,1
943,0,6.04,6.02,1,0,1,1,2,1,2
944,4,6.02,3.05,3,1,1,0,3,2,2
945,4,7.05,3.03,3,1,0,1,4,3,1
946,4,7.01,3.02,3,1,0,1,0,3,2
947,1,6.05,5.02,2,1,1,1,2,3,2
948,1,6.04,1.02,2,1,0,0,2,0,2
949,3,6.04,2.02,3,0,0,0,3,2,1
950,3,7.04,2.03,3,0,0,0,3,2,1
951,5,6.01,1.04,3,1,0,0,3,2,2
952,5,7.04,1.03,0,1,1,1,0,3,1
953,5,6.03,1.01,3,1,0,0,4,2,1
954,1,7.03,5.01,2,1,1,1,1,3,1
955,1,6.03,1.02,2,1,0,0,0,0,2
956,1,7.05,5.01,2,1,0,0,0,0,2
957,5,7.01,1.02,3,1,0,0,1,0,3
958,2,6.05,4.02,3,0,1,0,4,2,1
959,3,7.01,2.04,3,0,0,0,4,0,1
960,5,6.01,1.01,3,1,0,0,3,2,2
961,1,7.02,5.02,2,1,1,1,0,1,2
962,3,7.01,2.03,3,0,1,1,0,1,3
963,5,7.04,1.02,0,1,1,1,4,1,1
964,2,6.04,4.03,3,0,1,0,3,0,3
965,5,7.05,1.02,3,1,0,0,0,0,3
966,0,7.03,6.05,1,0,1,1,2,3,2
967,2,6.02,4.03,3,0,1,0,0,2,2
968,5,7.02,1.01,3,1,0,0,3,2,2
969,3,7.03,2.02,3,0,0,0,0,0,2
970,5,6.03,1.02,3,1,0,0,1,2,2
971,2,7.03,4.02,3,0,1,0,3,2,2
972,4,6.01,3.02,3,1,0,1,0,3,2
973,5,7.03,1.03,0,1,1,1,1,1,1
974,2,6.04,4.02,3,0,1,0,2,0,2
975,2,6.02,4.02,3,0,0,1,2,3,2
976,5,6.05,1.02,0,1,1,1,2,1,2
977,5,6.03,1.02,3,1,0,0,0,0,3
978,2,6.02,4.02,3,0,0,1,0,3,2
979,1,7.05,5.03,2,1,1,1,3,3,1
980,1,7.05,5.03,2,1,0,0,3,2,1
981,2,6.04,4.03,3,0,0,1,2,1,3
982,3,7.02,2.03,3,0,0,0,2,2,2
983,5,6.02,1.01,0,1,1,1,2,1,2
984,0,6.03,6.04,1,0,1,1,2,3,2
985,2,7.02,4.05,3,0,0,1,0,3,2
986,5,7.03,1.02,3,1,0,0,4,2,1
987,2,6.05,4.02,3,0,0,1,0,1,3
988,5,6.04,1.03,3,1,0,0,0,0,3
989,0,7.02,6.02,1,0,1,1,1,3,1
990,2,7.01,4.05,3,0,1,0,1,2,2
991,5,7.04,1.02,0,1,1,1,0,1,2
992,4,6.02,3.05,3,1,1,0,4,2,1
993,1,6.01,5.03,2,1,1,1,1,1,2
994,1,7.05,5.03,2,1,0,0,0,2,2
995,2,6.02,4.03,3,0,1,0,2,2,2
996,0,7.01,6.03,1,0,0,0,3,0,2
997,3,6.05,2.02,3,0,1,1,4,3,1
998,4,6.02,3.02,3,1,1,0,3,2,2
999,4,6.04,3.02,3,1,0,1,3,3,2
1000,2,6.03,4.02,3,0,1,0,3,2,2
1001,4,7.03,3.02,3,1,0,1,1,3,3
1002,2,7.01,4.02,3,0,1,0,0,0,2
1003,2,6.05,4.02,3,0,0,1,3,3,2
1004,1,7.05,5.02,2,1,1,1,4,1,1
1005,2,6.01,4.02,3,0,1,0,4,0,1
1006,3,7.02,2.04,3,0,0,0,3,2,1
1007,1,6.02,5.03,2,1,0,0,3,2,1
1008,3,7.04,2.02,3,0,1,1,1,1,3
1009,4,7.02,3.02,3,1,0,1,2,1,3
1010,0,7.02,6.03,1,0,0,0,0,0,2
1011,0,7.03,6.05,1,0,0,0,0,2,2
1012,3,7.05,2.02,3,0,0,0,2,0,2
1013,1,7.02,5.05,2,1,0,0,4,0,1
1014,0,7.01,6.02,1,0,0,0,4,2,1
1015,2,6.05,4.02,3,0,1,0,0,0,2
1016,1,7.02,5.03,2,1,1,1,3,3,1
1017,3,7.03,2.02,3,0,1,1,3,1,2
1018,5,6.03,1.04,3,1,0,0,3,2,2
1019,0,7.01,6.02,1,0,1,1,2,3,2
1020,4,7.04,3.02,3,1,1,0,2,0,2
1021,5,6.03,1.02,3,1,0,0,4,2,1
1022,5,6.01,1.02,0,1,1,1,1,3,0
1023,2,6.06,4.05,3,0,0,1,1,3,3
1024,5,7.02,1.01,3,1,0,0,1,2,2
1025,0,6.03,6.03,1,0,0,0,3,0,2
1026,2,6.02,4.02,3,0,0,1,4,1,1
1027,0,7.05,6.04,1,0,1,1,4,3,1
1028,3,7.05,2.03,3,0,0,0,4,0,1
1029,1,6.01,5.05,2,1,0,0,3,0,2
1030,2,6.05,4.02,3,0,0,1,1,3,3
1031,1,6.04,5.01,2,1,1,1,0,3,2
1032,2,7.01,4.03,3,0,1,0,4,0,1
1033,1,7.05,5.03,2,1,1,1,1,3,1
1034,2,6.02,4.03,3,0,0,1,1,1,3
1035,3,6.06,2.03,3,0,1,1,0,1,3
1036,1,7.02,1.02,2,1,1,1,1,1,2
1037,2,7.04,4.02,3,0,0,1,1,1,3
1038,4,7.04,3.03,3,1,1,0,2,2,2
1039,1,6.01,1.02,2,1,1,1,4,3,1
1040,1,7.02,5.03,2,1,1,1,2,3,2
1041,1,6.05,5.02,2,1,1,1,1,3,1
1042,2,6.05,4.02,3,0,0,1,2,1,3
1043,5,7.02,1.02,0,1,1,1,3,1,1
1044,1,6.02,5.01,2,1,0,0,0,2,2
1045,2,6.03,4.03,3,0,1,0,4,0,1
1046,4,7.02,3.03,3,1,0,1,1,1,3
1047,1,7.05,1.02,2,1,1,1,0,1,2
1048,0,7.02,6.02,1,0,0,0,1,0,2
1049,3,6.02,2.02,3,0,0,0,4,2,1
1050,0,7.03,6.05,1,0,1,1,0,3,2
1051,2,7.02,4.05,3,0,0,1,1,1,3
1052,4,7.02,3.02,3,1,1,0,0,0,2
1053,1,6.0,5.03,2,1,0,0,1,0,2
1054,1,7.02,5.01,2,1,1,1,3,3,1
1055,2,6.03,4.05,3,0,0,1,4,1,1
1056,2,6.04,4.03,3,0,0,1,4,3,1
1057,1,6.06,1.02,2,1,0,0,1,2,1
1058,1,7.02,5.02,2,1,0,0,3,2,1
1059,3,6.03,2.02,3,0,1,1,0,1,3
1060,4,7.03,3.03,3,1,1,0,1,2,2
1061,5,6.03,1.04,3,1,0,0,4,2,1
1062,1,6.04,1.02,2,1,1,1,0,3,2
1063,5,6.06,1.01,0,1,1,1,1,3,0
1064,3,6.03,2.03,3,0,0,0,0,2,2
1065,4,6.04,3.03,3,1,0,1,1,3,3
1066,5,6.0,1.04,3,1,0,0,2,0,3
1067,4,7.01,3.02,3,1,1,0,0,0,2
1068,4,6.04,3.03,3,1,1,0,3,2,2
1069,2,6.02,4.02,3,0,1,0,3,0,3
1070,4,6.07,3.02,3,1,1,0,2,2,2
1071,3,7.01,2.03,3,0,0,0,0,2,2
1072,2,6.01,4.03,3,0,1,0,4,2,1
1073,3,6.01,2.04,3,0,0,0,3,0,2
1074,3,7.04,2.03,3,0,0,0,0,2,2
1075,5,7.01,1.02,0,1,1,1,4,1,1
1076,5,6.03,1.03,3,1,0,0,4,0,1
1077,0,7.03,6.02,1,0,1,1,3,1,2
1078,2,7.01,4.03,3,0,1,0,3,2,2
1079,0,7.05,6.04,1,0,1,1,3,1,2
1080,5,6.04,1.02,3,1,0,0,0,2,2
1081,0,7.04,6.04,1,0,0,0,1,2,1
1082,2,7.04,4.02,3,0,1,0,2,2,2
1083,5,6.03,1.02,3,1,0,0,0,2,2
1084,3,7.04,2.03,3,0,0,0,4,0,1
1085,1,6.01,5.01,2,1,0,0,4,0,1
1086,0,7.01,6.02,1,0,0,0,4,0,1
1087,1,6.04,5.01,2,1,0,0,3,0,2
1088,5,7.03,1.04,3,1,0,0,2,2,2
1089,2,6.04,4.02,3,0,0,1,4,1,1
1090,4,6.04,3.03,3,1,1,0,1,0,3
1091,5,6.04,1.02,3,1,0,0,1,0,3
1092,2,7.05,4.02,3,0,1,0,2,0,2
1093,0,7.02,6.03,1,0,0,0,2,0,2
1094,5,6.03,1.04,3,1,0,0,0,0,3
1095,1,7.02,1.02,2,1,1,1,0,1,2
1096,1,7.02,5.02,2,1,0,0,0,0,2
1097,4,7.01,3.02,3,1,1,0,1,2,2
1098,5,6.04,1.01,0,1,1,1,0,1,2
1099,1,6.05,5.02,2,1,0,0,3,2,1
1100,3,7.03,2.04,3,0,0,0,0,2,2
1101,0,7.03,6.05,1,0,0,0,2,0,2
1102,5,6.04,1.01,3,1,0,0,2,2,2
1103,4,7.05,3.02,3,1,0,1,1,1,3
1104,0,7.05,6.02,1,0,0,0,3,0,2
1105,2,6.03,4.03,3,0,1,0,3,0,3
1106,1,7.05,1.02,2,1,0,0,0,2,2
1107,2,6.04,4.02,3,0,1,0,4,0,1
1108,1,7.03,5.02,2,1,1,1,4,1,1
1109,3,7.02,2.03,3,0,1,1,0,1,3
1110,4,6.04,3.02,3,1,0,1,2,3,2
1111,3,7.02,2.03,3,0,1,1,2,1,3
1112,1,7.02,5.01,2,1,1,1,1,3,1
1113,2,7.03,4.02,3,0,0,1,1,3,3
1114,3,6.04,2.02,3,0,1,1,0,3,2
1115,2,7.04,4.02,3,0,1,0,4,2,1
1116,2,6.04,4.02,3,0,1,0,3,0,3
1117,3,7.02,2.03,3,0,1,1,3,1,2
1118,3,6.04,2.04,3,0,0,0,1,0,2
1119,5,6.02,1.01,3,1,0,0,3,0,3
1120,0,7.04,6.04,1,0,0,0,4,0,1
1121,2,6.03,4.03,3,0,0,1,3,3,2
1122,1,6.05,1.02,2,1,1,1,4,1,1
1123,0,7.01,6.02,1,0,1,1,3,3,1
1124,4,7.05,3.02,3,1,0,1,0,1,3
1125,1,7.04,5.03,2,1,1,1,1,1,2
1126,5,6.01,1.03,3,1,0,0,3,2,2
1127,1,6.04,5.01,2,1,1,1,2,3,2
1128,2,6.02,4.02,3,0,1,0,4,0,1
1129,4,6.01,3.02,3,1,1,0,4,0,1
1130,1,6.06,1.02,2,1,0,0,3,0,2
1131,3,6.06,2.02,3,0,1,1,4,1,1
1132,2,7.03,4.02,3,0,0,1,2,1,3
1133,0,7.03,6.05,1,0,1,1,2,1,2
1134,5,7.03,1.01,0,1,1,1,2,3,1
1135,3,6.02,2.02,3,0,0,0,1,2,1
1136,5,7.05,1.04,3,1,0,0,4,2,1
1137,5,7.04,1.03,3,1,0,0,0,0,3
1138,4,7.03,3.05,3,1,1,0,2,0,2
1139,5,6.02,1.04,0,1,1,1,0,1,2
1140,4,6.01,3.05,3,1,0,1,4,1,1
1141,1,7.02,5.01,2,1,1,1,4,3,1
1142,2,6.02,4.02,3,0,0,1,3,3,2
1143,5,6.06,1.03,0,1,1,1,2,1,2
1144,3,6.04,2.03,3,0,1,1,4,3,1
1145,5,6.04,1.02,3,1,0,0,3,2,2
1146,5,7.03,1.03,0,1,1,1,3,1,1
1147,0,7.08,6.04,1,0,1,1,1,1,2
1148,0,6.02,6.02,1,0,0,0,3,0,2
1149,1,6.01,5.03,2,1,0,0,1,2,1
1150,1,7.03,5.03,2,1,1,1,1,1,2
1151,5,7.05,1.02,3,1,0,0,2,2,2
1152,2,7.02,4.02,3,0,0,1,3,3,2
1153,5,7.03,1.04,0,1,1,1,2,3,1
1154,2,6.05,4.02,3,0,1,0,2,0,2
1155,0,7.03,6.03,1,0,0,0,2,2,2
1156,0,7.04,6.04,1,0,0,0,1,0,2
1157,5,6.04,1.01,3,1,0,0,0,2,2
1158,0,7.03,6.02,1,0,1,1,0,3,2
1159,4,6.05,3.02,3,1,0,1,3,3,2
1160,2,6.02,4.03,3,0,1,0,3,2,2
1161,1,6.01,5.02,2,1,0,0,1,2,1
1162,4,7.04,3.03,3,1,0,1,4,3,1
1163,1,6.05,5.02,2,1,0,0,0,0,2
1164,1,7.04,5.01,2,1,0,0,3,0,2
1165,3,6.01,2.02,3,0,1,1,4,3,1
1166,1,6.03,5.05,2,1,0,0,4,0,1
1167,0,7.05,6.02,1,0,1,1,4,3,1
1168,1,6.02,5.03,2,1,1,1,2,3,2
1169,0,7.05,6.04,1,0,1,1,2,1,2
1170,3,6.03,2.03,3,0,0,0,2,0,2
1171,4,7.03,3.03,3,1,0,1,1,1,3
1172,1,7.04,5.03,2,1,1,1,2,3,2
1173,1,7.01,5.03,2,1,0,0,0,2,2
1174,1,6.04,5.05,2,1,1,1,0,1,2
1175,0,7.03,6.04,1,0,0,0,2,2,2
1176,0,7.05,6.02,1,0,0,0,4,2,1
1177,4,6.03,3.02,3,1,1,0,0,2,2
1178,0,7.01,6.04,1,0,0,0,1,2,1
1179,5,7.04,1.01,3,1,0,0,1,2,2
1180,5,6.05,1.04,0,1,1,1,3,3,0
1181,3,6.03,2.03,3,0,0,0,0,0,2
1182,5,6.04,1.04,0,1,1,1,1,1,1
1183,0,7.02,6.04,1,0,0,0,2,2,2
1184,1,6.03,5.03,2,1,1,1,4,1,1
1185,1,7.05,5.01,2,1,0,0,3,0,2
1186,1,6.01,5.01,2,1,1,1,3,1,2
1187,4,6.01,3.05,3,1,1,0,1,0,3
1188,4,6.01,3.02,3,1,0,1,4,3,1
1189,3,6.06,2.02,3,0,0,0,1,0,2
1190,5,7.02,1.03,3,1,0,0,4,0,1
1191,0,6.03,6.03,1,0,0,0,2,2,2
1192,0,7.02,6.03,1,0,1,1,4,1,1
1193,0,6.05,6.04,1,0,1,1,3,3,1
1194,4,7.02,3.03,3,1,0,1,3,3,2
1195,3,7.05,2.02,3,0,1,1,3,3,1
1196,3,7.02,2.02,3,0,1,1,2,3,2
1197,3,7.05,2.02,3,0,0,0,4,2,1
1198,4,6.03,3.02,3,1,1,0,3,2,2
1199,3,7.03,2.03,3,0,0,0,4,2,1
1200,4,6.03,3.05,3,1,0,1,0,1,3
1201,3,6.0,2.03,3,0,0,0,3,2,1
1202,2,7.05,4.02,3,0,1,0,4,0,1
1203,3,7.04,2.04,3,0,0,0,2,2,2
1204,2,6.03,4.03,3,0,0,1,1,3,3
1205,1,7.03,1.02,2,1,0,0,3,2,1
1206,0,6.02,6.02,1,0,0,0,3,2,1
1207,2,6.01,4.03,3,0,1,0,2,2,2
1208,2,7.03,4.02,3,0,1,0,1,0,3
1209,3,7.01,2.02,3,0,0,0,2,0,2
1210,2,6.05,4.02,3,0,1,0,0,2,2
1211,2,6.01,4.02,3,0,0,1,1,1,3
1212,1,7.02,5.02,2,1,0,0,2,0,2
1213,0,6.04,6.04,1,0,1,1,0,1,2
1214,1,7.03,5.03,2,1,1,1,4,1,1
1215,1,6.04,5.03,2,1,0,0,2,0,2
1216,0,6.04,6.05,1,0,1,1,2,3,2
1217,5,7.01,1.04,0,1,1,1,3,3,0
1218,3,7.03,2.03,3,0,0,0,3,0,2
1219,3,6.06,2.03,3,0,1,1,2,1,3
1220,4,6.04,3.02,3,1,1,0,2,0,2
1221,5,6.04,1.01,3,1,0,0,3,0,3
1222,5,6.04,1.03,0,1,1,1,3,1,1
1223,4,7.01,3.03,3,1,0,1,1,1,3
1224,2,6.07,4.02,3,0,0,1,0,3,2
1225,5,6.04,1.02,0,1,1,1,3,1,1
1226,2,6.06,4.02,3,0,1,0,1,2,2
1227,4,6.02,3.02,3,1,1,0,2,0,2
1228,1,7.03,5.03,2,1,1,1,0,3,2
1229,3,6.0,2.02,3,0,1,1,4,3,1
1230,4,6.04,3.02,3,1,1,0,2,2,2
1231,4,6.06,3.03,3,1,0,1,4,3,1
1232,4,7.01,3.03,3,1,0,1,2,3,2
1233,5,6.05,1.01,3,1,0,0,4,0,1
1234,4,7.03,3.02,3,1,1,0,2,0,2
1235,1,6.05,5.01,2,1,0,0,3,2,1
1236,1,6.05,5.03,2,1,0,0,3,0,2
1237,3,7.03,2.04,3,0,0,0,3,0,2
1238,5,7.01,1.02,3,1,0,0,2,2,2
1239,3,7.05,2.02,3,0,1,1,0,3,2
1240,0,6.04,6.02,1,0,0,0,3,2,1
1241,1,7.01,5.02,2,1,0,0,3,0,2
1242,3,7.04,2.02,3,0,1,1,0,1,3
1243,5,6.03,1.03,3,1,0,0,0,0,3
1244,1,6.04,5.03,2,1,1,1,2,3,2
1245,3,6.03,2.04,3,0,0,0,1,2,1
1246,5,6.04,1.03,3,1,0,0,1,2,2
1247,1,7.03,5.05,2,1,0,0,2,0,2
1248,5,6.06,1.02,0,1,1,1,2,3,1
1249,3,7.02,2.03,3,0,0,0,3,0,2
1250,1,7.02,5.03,2,1,0,0,1,2,1
1251,4,7.02,3.03,3,1,0,1,4,1,1
1252,3,6.01,2.02,3,0,1,1,1,1,3
1253,5,6.02,1.01,0,1,1,1,3,3,0
1254,3,7.04,2.02,3,0,0,0,2,0,2
1255,5,6.03,1.01,0,1,1,1,1,1,1
1256,4,7.03,3.02,3,1,1,0,0,0,2
1257,3,7.04,2.03,3,0,1,1,4,3,1
1258,3,6.04,2.03,3,0,1,1,0,3,2
1259,4,7.05,3.02,3,1,0,1,2,1,3
1260,2,7.02,4.02,3,0,1,0,4,2,1
1261,4,7.04,3.03,3,1,1,0,4,0,1
1262,3,6.01,2.03,3,0,0,0,0,2,2
1263,1,7.01,5.05,2,1,1,1,3,1,2
1264,5,7.02,1.04,3,1,0,0,2,0,3
1265,1,6.04,5.01,2,1,1,1,2,1,2
1266,3,6.02,2.04,3,0,1,1,2,1,3
1267,3,6.06,2.02,3,0,1,1,3,3,1
1268,3,6.05,2.02,3,0,0,0,3,0,2
1269,2,6.05,4.03,3,0,0,1,0,3,2
1270,3,7.01,2.04,3,0,1,1,4,1,1
1271,0,7.03,6.04,1,0,0,0,3,0,2
1272,2,6.01,4.03,3,0,1,0,1,0,3
1273,4,6.05,3.02,3,1,0,1,0,3,2
1274,2,6.02,4.03,3,0,1,0,4,0,1
1275,1,7.04,5.02,2,1,1,1,1,3,1
1276,2,6.03,4.02,3,0,0,1,3,3,2
1277,1,6.05,5.03,2,1,1,1,4,1,1
1278,4,6.05,3.03,3,1,1,0,3,2,2
1279,2,6.05,4.02,3,0,1,0,1,0,3
1280,0,6.04,6.02,1,0,0,0,0,2,2
1281,1,6.03,5.02,2,1,0,0,4,2,1
1282,5,6.03,1.03,3,1,0,0,4,2,1
1283,2,6.02,4.02,3,0,1,0,2,2,2
1284,3,6.0,2.02,3,0,0,0,0,0,2
1285,0,7.01,6.02,1,0,0,0,3,0,2
1286,4,6.05,3.05,3,1,1,0,1,2,2
1287,4,6.05,3.02,3,1,1,0,1,0,3
1288,2,7.01,4.02,3,0,0,1,3,1,3
1289,2,6.01,4.02,3,0,0,1,2,1,3
1290,5,7.01,1.03,0,1,1,1,1,3,0
1291,2,6.07,4.03,3,0,1,0,4,2,1
1292,4,6.05,3.03,3,1,0,1,3,1,3
1293,1,7.03,1.02,2,1,1,1,3,3,1
1294,4,7.03,3.02,3,1,0,1,3,3,2
1295,4,6.02,3.02,3,1,0,1,1,1,3
1296,1,6.03,1.02,2,1,1,1,3,3,1
1297,0,7.02,6.02,1,0,1,1,2,1,2
1298,5,7.02,1.01,3,1,0,0,4,0,1
1299,2,7.02,4.02,3,0,1,0,3,2,2
1300,3,6.0,2.02,3,0,0,0,3,2,1
1301,0,7.05,6.05,1,0,1,1,1,3,1
1302,2,6.01,4.05,3,0,1,0,0,0,2
1303,1,7.05,5.02,2,1,0,0,0,2,2
1304,5,6.06,1.02,0,1,1,1,4,1,1
1305,5,6.04,1.04,0,1,1,1,4,3,1
1306,5,6.04,1.04,3,1,0,0,3,2,2
1307,2,6.02,4.03,3,0,0,1,1,3,3
1308,0,7.02,6.05,1,0,0,0,4,0,1
1309,0,7.01,6.05,1,0,1,1,1,1,2
1310,4,6.05,3.02,3,1,1,0,4,2,1
1311,1,7.02,5.02,2,1,0,0,4,2,1
1312,2,6.02,4.02,3,0,0,1,1,3,3
1313,1,7.05,5.01,2,1,0,0,1,2,1
1314,1,6.03,1.02,2,1,1,1,4,3,1
1315,1,7.04,5.03,2,1,1,1,3,3,1
1316,1,7.04,5.03,2,1,1,1,2,1,2
1317,3,6.02,2.03,3,0,1,1,0,1,3
1318,1,6.01,5.03,2,1,1,1,2,1,2
1319,3,6.02,2.03,3,0,0,0,4,0,1
1320,4,7.03,3.03,3,1,0,1,0,1,3
1321,1,6.02,5.03,2,1,0,0,2,0,2
1322,5,7.02,1.04,3,1,0,0,2,2,2
1323,4,7.05,3.05,3,1,0,1,3,3,2
1324,1,6.01,5.03,2,1,1,1,0,3,2
1325,5,7.05,1.02,0,1,1,1,1,1,1
1326,1,6.04,5.01,2,1,0,0,1,0,2
1327,2,7.01,4.03,3,0,0,1,3,3,2
1328,3,7.05,2.03,3,0,1,1,2,1,3
1329,5,7.01,1.04,0,1,1,1,0,3,1
1330,1,7.04,5.05,2,1,0,0,4,2,1
1331,0,7.01,6.04,1,0,0,0,1,0,2
1332,5,6.02,1.04,3,1,0,0,4,0,1
1333,0,6.02,6.02,1,0,0,0,2,0,2
1334,2,6.06,4.02,3,0,1,0,0,2,2
1335,0,7.02,6.02,1,0,1,1,3,3,1
1336,5,6.06,1.03,3,1,0,0,3,0,3
1337,0,7.04,6.02,1,0,0,0,0,2,2
1338,1,7.05,5.01,2,1,0,0,3,2,1
1339,5,7.03,1.02,0,1,1,1,0,1,2
1340,5,7.02,1.03,3,1,0,0,2,0,3
1341,1,7.01,5.01,2,1,0,0,4,2,1
1342,2,7.05,4.03,3,0,0,1,2,3,2
1343,4,7.01,3.03,3,1,0,1,3,3,2
1344,4,7.03,3.03,3,1,0,1,1,3,3
1345,4,7.02,3.05,3,1,1,0,4,2,1
1346,0,7.03,6.04,1,0,0,0,0,0,2
1347,0,7.08,6.04,1,0,1,1,2,3,2
1348,1,7.03,1.02,2,1,0,0,1,2,1
1349,1,6.05,1.02,2,1,1,1,2,3,2
1350,3,7.03,2.04,3,0,0,0,1,0,2
1351,5,6.03,1.01,3,1,0,0,2,0,3
1352,5,6.04,1.01,0,1,1,1,4,3,1
1353,4,6.03,3.03,3,1,0,1,4,3,1
1354,4,6.05,3.05,3,1,0,1,1,1,3
1355,4,6.03,3.03,3,1,1,0,4,2,1
1356,0,7.04,6.02,1,0,0,0,4,0,1
1357,4,6.01,3.02,3,1,1,0,4,2,1
1358,5,6.01,1.04,0,1,1,1,0,3,1
1359,2,6.01,4.05,3,0,0,1,2,1,3
1360,3,6.04,2.04,3,0,1,1,2,1,3
1361,5,7.04,1.03,3,1,0,0,1,2,2
1362,3,6.03,2.04,3,0,1,1,3,3,1
1363,5,7.04,1.04,3,1,0,0,3,0,3
1364,0,7.01,6.02,1,0,0,0,1,0,2
1365,0,7.01,6.03,1,0,1,1,0,3,2
1366,5,7.03,1.03,0,1,1,1,0,3,1
1367,1,7.04,5.03,2,1,1,1,3,1,2
1368,2,6.06,4.03,3,0,0,1,4,1,1
1369,3,6.02,2.02,3,0,0,0,2,2,2
1370,3,6.02,2.03,3,0,1,1,4,3,1
1371,0,7.02,6.05,1,0,1,1,1,1,2
1372,0,6.04,6.03,1,0,0,0,3,2,1
1373,0,6.04,6.02,1,0,0,0,1,0,2
1374,5,7.03,1.01,0,1,1,1,2,1,2
1375,1,6.03,1.02,2,1,0,0,4,0,1
1376,5,7.05,1.01,3,1,0,0,2,2,2
1377,1,7.05,5.02,2,1,0,0,4,0,1
1378,2,6.05,4.03,3,0,0,1,1,1,3
1379,5,7.04,1.04,3,1,0,0,0,0,3
1380,1,6.04,5.02,2,1,1,1,4,1,1
1381,1,7.04,1.02,2,1,1,1,1,1,2
1382,2,6.06,4.02,3,0,1,0,2,0,2
1383,0,7.03,6.02,1,0,1,1,2,3,2
1384,5,6.01,1.04,0,1,1,1,1,3,0
1385,3,6.03,2.02,3,0,0,0,1,0,2
1386,4,7.05,3.02,3,1,0,1,4,3,1
1387,2,7.04,4.02,3,0,1,0,1,0,3
1388,1,6.02,5.02,2,1,0,0,1,2,1
1389,5,7.04,1.04,0,1,1,1,4,1,1
1390,4,6.02,3.05,3,1,1,0,0,2,2
1391,4,7.03,3.03,3,1,1,0,2,0,2
1392,5,7.02,1.03,3,1,0,0,2,2,2
1393,3,6.03,2.02,3,0,1,1,1,3,2
1394,0,7.01,6.03,1,0,0,0,3,2,1
1395,3,7.03,2.02,3,0,1,1,4,1,1
1396,4,6.03,3.03,3,1,1,0,1,0,3
1397,5,6.03,1.01,0,1,1,1,4,3,1
1398,4,6.05,3.02,3,1,0,1,2,3,2
1399,2,6.04,4.02,3,0,0,1,0,3,2
1400,2,7.02,4.03,3,0,0,1,1,3,3
1401,3,7.02,2.02,3,0,1,1,1,1,3
1402,2,6.04,4.03,3,0,1,0,0,0,2
1403,1,7.04,1.02,2,1,0,0,2,2,2
1404,0,7.01,6.05,1,0,1,1,3,1,2
1405,5,7.05,1.02,0,1,1,1,0,1,2
1406,0,7.02,6.05,1,0,0,0,0,2,2
1407,3,6.03,2.03,3,0,0,0,4,2,1
1408,0,7.03,6.05,1,0,0,0,1,0,2
1409,0,7.04,6.03,1,0,0,0,1,0,2
1410,5,6.03,1.02,3,1,0,0,1,0,3
1411,5,7.04,1.02,3,1,0,0,1,2,2
1412,4,7.04,3.02,3,1,1,0,1,0,3
1413,4,7.02,3.02,3,1,1,0,2,2,2
1414,1,7.04,5.01,2,1,0,0,4,2,1
1415,5,7.05,1.01,3,1,0,0,3,0,3
1416,5,6.02,1.03,3,1,0,0,1,2,2
1417,1,7.04,5.02,2,1,1,1,4,1,1
1418,5,7.01,1.01,0,1,1,1,0,3,1
1419,2,7.03,4.02,3,0,0,1,1,1,3
1420,0,7.05,6.04,1,0,0,0,2,0,2
1421,2,6.05,4.05,3,0,1,0,4,0,1
1422,3,6.02,2.02,3,0,0,0,0,0,2
1423,5,7.05,1.01,0,1,1,1,4,1,1
1424,2,6.01,4.05,3,0,1,0,2,0,2
1425,3,7.01,2.04,3,0,0,0,1,2,1
1426,4,6.03,3.02,3,1,1,0,1,2,2
1427,3,6.04,2.03,3,0,1,1,3,1,2
1428,0,7.05,6.03,1,0,1,1,0,1,2
1429,5,6.05,1.01,0,1,1,1,2,3,1
1430,1,7.04,5.03,2,1,0,0,1,2,1
1431,5,6.05,1.03,0,1,1,1,2,3,1
1432,3,7.05,2.03,3,0,1,1,1,3,2
1433,1,6.02,5.01,2,1,1,1,1,1,2
1434,4,7.05,3.03,3,1,1,0,2,2,2
1435,0,7.02,6.02,1,0,0,0,2,2,2
1436,5,7.02,1.04,3,1,0,0,4,2,1
1437,4,6.01,3.03,3,1,0,1,2,1,3
1438,2,6.05,4.03,3,0,0,1,3,3,2
1439,0,7.02,6.03,1,0,1,1,1,1,2
1440,2,6.01,4.02,3,0,0,1,3,1,3
1441,3,6.02,2.02,3,0,1,1,2,1,3
1442,1,6.04,5.02,2,1,0,0,3,2,1
1443,3,6.03,2.03,3,0,0,0,1,0,2
1444,2,7.03,4.02,3,0,1,0,2,2,2
1445,0,6.03,6.03,1,0,1,1,0,1,2
1446,2,7.03,4.02,3,0,1,0,4,0,1
1447,1,6.03,5.03,2,1,1,1,4,3,1
1448,2,7.03,4.02,3,0,1,0,4,2,1
1449,5,7.02,1.04,0,1,1,1,3,1,1
1450,5,6.02,1.03,3,1,0,0,4,0,1
1451,0,7.04,6.04,1,0,0,0,2,0,2
1452,5,6.01,1.01,0,1,1,1,1,1,1
1453,5,6.02,1.02,0,1,1,1,4,1,1
1454,3,6.01,2.02,3,0,0,0,2,0,2
1455,3,7.02,2.04,3,0,1,1,0,3,2
1456,0,7.03,6.04,1,0,0,0,1,0,2
1457,3,6.0,2.02,3,0,0,0,2,2,2
1458,4,6.01,3.03,3,1,1,0,4,0,1
1459,3,7.05,2.02,3,0,1,1,0,1,3
1460,5,7.03,1.04,3,1,0,0,4,0,1
1461,3,6.03,2.03,3,0,1,1,0,1,3
1462,2,7.05,4.03,3,0,0,1,4,3,1
1463,4,6.03,3.02,3,1,0,1,0,3,2
1464,0,6.03,6.02,1,0,1,1,0,1,2
1465,5,7.05,1.01,3,1,0,0,4,0,1
1466,3,6.02,2.03,3,0,1,1,3,1,2
1467,1,7.03,5.02,2,1,1,1,2,1,2
1468,2,6.06,4.03,3,0,0,1,4,3,1
1469,1,6.03,5.03,2,1,0,0,0,2,2
1470,4,7.05,3.03,3,1,1,0,0,0,2
1471,0,7.04,6.02,1,0,0,0,4,2,1
1472,3,6.04,2.03,3,0,1,1,1,1,3
1473,1,6.04,5.01,2,1,0,0,4,2,1
1474,1,7.05,5.02,2,1,1,1,3,1,2
1475,3,6.06,2.02,3,0,0,0,2,2,2
1476,1,6.04,5.03,2,1,1,1,2,1,2
1477,2,6.02,4.02,3,0,1,0,4,2,1
1478,1,6.04,5.03,2,1,0,0,4,2,1
1479,5,6.02,1.01,3,1,0,0,1,2,2
1480,4,6.02,3.05,3,1,1,0,2,0,2
1481,2,6.02,4.03,3,0,1,0,1,0,3
1482,4,6.04,3.02,3,1,1,0,1,0,3
1483,4,7.02,3.02,3,1,0,1,0,3,2
1484,3,7.04,2.04,3,0,1,1,3,1,2
1485,5,6.06,1.04,0,1,1,1,1,3,0
1486,1,7.01,5.01,2,1,1,1,1,3,1
1487,5,7.04,1.03,3,1,0,0,4,0,1
1488,2,6.05,4.03,3,0,0,1,1,3,3
1489,3,7.01,2.02,3,0,0,0,3,0,2
1490,3,7.03,2.04,3,0,0,0,3,2,1
1491,2,7.01,4.03,3,0,1,0,0,0,2
1492,5,7.04,1.03,3,1,0,0,0,2,2
1493,4,6.05,3.05,3,1,0,1,3,3,2
1494,4,7.02,3.02,3,1,1,0,4,2,1
1495,5,7.03,1.01,3,1,0,0,0,2,2
1496,0,6.04,6.04,1,0,1,1,3,3,1
1497,4,6.02,3.03,3,1,0,1,1,3,3
1498,1,7.04,5.05,2,1,0,0,1,0,2
1499,0,6.02,6.02,1,0,0,0,2,2,2
1500,3,6.06,2.02,3,0,0,0,3,2,1
1501,5,7.02,1.01,3,1,0,0,1,0,3
1502,1,6.03,5.05,2,1,1,1,1,1,2
1503,4,6.07,3.02,3,1,1,0,3,0,3
1504,0,7.01,6.05,1,0,1,1,2,3,2
1505,5,6.02,1.02,3,1,0,0,3,0,3
1506,4,6.03,3.05,3,1,1,0,4,2,1
1507,5,6.05,1.02,3,1,0,0,2,2,2
1508,4,6.01,3.02,3,1,0,1,3,3,2
1509,2,6.04,4.03,3,0,1,0,2,2,2
1510,0,7.03,6.02,1,0,1,1,0,1,2
1511,3,7.03,2.03,3,0,0,0,3,2,1
1512,1,7.02,5.03,2,1,1,1,1,3,1
1513,4,6.04,3.02,3,1,0,1,1,1,3
1514,1,7.03,5.02,2,1,1,1,2,3,2
1515,4,6.05,3.03,3,1,0,1,4,1,1
1516,5,7.02,1.02,0,1,1,1,0,1,2
1517,5,7.03,1.03,0,1,1,1,0,1,2
1518,1,7.03,5.01,2,1,0,0,2,0,2
1519,4,7.05,3.03,3,1,0,1,1,1,3
1520,1,6.04,5.05,2,1,1,1,2,3,2
1521,4,7.03,3.03,3,1,0,1,3,3,2
1522,2,6.01,4.05,3,0,1,0,0,2,2
1523,5,6.01,1.04,3,1,0,0,4,2,1
1524,1,6.05,5.05,2,1,1,1,2,1,2
1525,4,6.01,3.02,3,1,1,0,0,2,2
1526,4,7.02,3.02,3,1,0,1,1,1,3
1527,2,6.05,4.03,3,0,1,0,4,2,1
1528,4,6.02,3.03,3,1,1,0,0,0,2
1529,1,7.02,1.02,2,1,0,0,3,0,2
1530,0,7.03,6.04,1,0,1,1,2,1,2
1531,3,6.04,2.03,3,0,1,1,2,3,2
1532,4,6.02,3.02,3,1,0,1,4,1,1
1533,0,7.04,6.05,1,0,0,0,3,2,1
1534,1,6.03,5.05,2,1,1,1,3,1,2
1535,4,7.01,3.03,3,1,0,1,2,1,3
1536,2,6.07,4.02,3,0,0,1,1,3,3
1537,5,6.0,1.01,3,1,0,0,3,0,3
1538,3,7.03,2.04,3,0,1,1,2,3,2
1539,1,7.04,5.03,2,1,0,0,3,2,1
1540,0,7.04,6.02,1,0,1,1,0,1,2
1541,2,7.03,4.02,3,0,1,0,2,0,2
1542,0,7.01,6.03,1,0,1,1,2,3,2
1543,2,6.05,4.03,3,0,1,0,1,0,3
1544,4,7.01,3.05,3,1,0,1,4,3,1
1545,4,7.05,3.03,3,1,1,0,2,0,2
1546,2,6.07,4.03,3,0,1,0,0,2,2
1547,3,6.03,2.04,3,0,1,1,2,3,2
1548,1,7.01,1.02,2,1,0,0,4,2,1
1549,5,6.02,1.04,3,1,0,0,3,2,2
1550,2,6.05,4.02,3,0,0,1,4,1,1
1551,3,6.02,2.04,3,0,0,0,4,0,1
1552,3,7.02,2.02,3,0,0,0,3,2,1
1553,2,6.02,4.03,3,0,1,0,2,0,2
1554,1,7.05,5.01,2,1,0,0,4,0,1
1555,5,6.04,1.04,0,1,1,1,2,3,1
1556,1,6.03,5.03,2,1,1,1,1,1,2
1557,1,7.02,5.02,2,1,1,1,4,1,1
1558,5,7.02,1.02,3,1,0,0,0,0,3
1559,1,6.02,1.02,2,1,0,0,2,0,2
1560,5,7.02,1.01,3,1,0,0,2,2,2
1561,4,6.04,3.02,3,1,0,1,4,1,1
1562,2,7.01,4.02,3,0,0,1,4,3,1
1563,1,6.03,1.02,2,1,0,0,3,2,1
1564,4,6.01,3.02,3,1,0,1,3,1,3
1565,1,6.01,5.05,2,1,1,1,3,1,2
1566,4,6.02,3.03,3,1,1,0,2,0,2
1567,1,6.03,5.03,2,1,1,1,1,3,1
1568,2,6.02,4.02,3,0,0,1,3,1,3
1569,5,6.03,1.02,0,1,1,1,4,3,1
1570,5,6.04,1.02,0,1,1,1,2,3,1
1571,1,7.05,5.02,2,1,0,0,2,2,2
1572,5,6.06,1.01,0,1,1,1,4,1,1
1573,5,7.02,1.02,3,1,0,0,4,2,1
1574,5,7.03,1.03,3,1,0,0,3,0,3
1575,0,6.03,6.02,1,0,1,1,1,3,1
1576,5,6.06,1.02,0,1,1,1,1,1,1
1577,5,7.03,1.02,3,1,0,0,2,2,2
1578,1,7.02,5.01,2,1,0,0,1,2,1
1579,4,7.02,3.03,3,1,1,0,3,2,2
1580,1,7.02,5.02,2,1,0,0,1,2,1
1581,3,6.01,2.03,3,0,0,0,3,0,2
1582,2,6.01,4.05,3,0,1,0,3,0,3
1583,1,7.01,5.01,2,1,0,0,1,0,2
1584,4,6.03,3.05,3,1,1,0,0,2,2
1585,5,7.05,1.03,0,1,1,1,3,3,0
1586,3,6.02,2.03,3,0,0,0,2,2,2
1587,1,7.05,5.03,2,1,1,1,4,3,1
1588,1,6.02,1.02,2,1,0,0,4,0,1
1589,2,6.02,4.03,3,0,1,0,4,2,1
1590,4,6.03,3.03,3,1,1,0,0,2,2
1591,2,7.03,4.05,3,0,1,0,2,0,2
1592,3,6.03,2.02,3,0,0,0,0,2,2
1593,3,6.04,2.04,3,0,1,1,3,3,1
1594,4,6.03,3.03,3,1,0,1,0,3,2
1595,2,7.03,4.02,3,0,1,0,1,2,2
1596,3,6.06,2.02,3,0,1,1,0,3,2
1597,2,6.05,4.02,3,0,1,0,2,2,2
1598,2,6.01,4.02,3,0,0,1,4,1,1
1599,0,7.03,6.05,1,0,1,1,3,1,2
1600,4,7.04,3.03,3,1,1,0,1,2,2
1601,0,7.04,6.02,1,0,1,1,3,3,1
1602,0,6.03,6.03,1,0,0,0,4,2,1
1603,0,7.01,6.05,1,0,0,0,2,0,2
1604,5,7.05,1.04,3,1,0,0,3,0,3
1605,1,6.01,5.03,2,1,1,1,3,1,2
1606,2,7.02,4.02,3,0,0,1,2,1,3
1607,5,7.04,1.03,3,1,0,0,2,0,3
1608,5,6.01,1.04,3,1,0,0,2,0,3
1609,1,6.03,5.01,2,1,1,1,2,1,2
1610,1,6.02,5.03,2,1,0,0,1,0,2
1611,3,6.05,2.03,3,0,1,1,3,3,1
1612,3,7.02,2.04,3,0,1,1,4,3,1
1613,5,7.03,1.01,0,1,1,1,4,3,1
1614,1,7.02,5.03,2,1,0,0,3,2,1
1615,5,6.03,1.04,0,1,1,1,1,1,1
1616,0,7.05,6.04,1,0,1,1,0,3,2
1617,3,6.06,2.02,3,0,0,0,4,2,1
1618,0,7.05,6.03,1,0,0,0,0,2,2
1619,2,6.04,4.05,3,0,0,1,3,3,2
1620,4,6.05,3.03,3,1,1,0,4,0,1
1621,3,7.05,2.02,3,0,0,0,0,2,2
1622,4,6.01,3.03,3,1,0,1,0,3,2
1623,3,7.04,2.02,3,0,1,1,4,1,1
1624,3,6.04,2.02,3,0,1,1,3,1,2
1625,0,7.05,6.05,1,0,0,0,0,0,2
1626,4,7.02,3.03,3,1,0,1,3,1,3
1627,2,6.03,4.02,3,0,0,1,1,1,3
1628,5,6.05,1.01,0,1,1,1,0,1,2
1629,3,6.01,2.03,3,0,0,0,1,0,2
1630,0,6.03,6.02,1,0,1,1,4,3,1
1631,4,6.05,3.05,3,1,0,1,1,3,3
1632,1,7.04,5.02,2,1,0,0,1,0,2
1633,5,7.05,1.01,0,1,1,1,1,3,0
1634,3,7.01,2.03,3,0,1,1,3,3,1
1635,4,7.05,3.03,3,1,0,1,3,3,2
1636,4,6.0,3.03,3,1,1,0,2,0,2
1637,0,6.03,6.04,1,0,1,1,4,3,1
1638,0,7.05,6.02,1,0,1,1,1,1,2
1639,2,7.04,4.02,3,0,0,1,2,3,2
1640,1,6.06,5.03,2,1,0,0,1,0,2
1641,1,6.01,5.03,2,1,0,0,2,2,2
1642,4,6.02,3.02,3,1,1,0,4,0,1
1643,5,6.02,1.03,3,1,0,0,3,2,2
1644,0,7.01,6.03,1,0,1,1,4,3,1
1645,2,7.02,4.03,3,0,1,0,4,2,1
1646,0,6.01,6.02,1,0,0,0,1,0,2
1647,1,6.02,5.05,2,1,1,1,4,1,1
1648,0,7.02,6.02,1,0,0,0,2,0,2
1649,1,6.05,5.03,2,1,0,0,2,0,2
1650,1,6.01,5.03,2,1,1,1,4,3,1
1651,5,6.03,1.01,0,1,1,1,2,3,1
1652,4,7.02,3.05,3,1,1,0,1,0,3
1653,3,6.05,2.04,3,0,1,1,1,3,2
1654,5,6.04,1.01,3,1,0,0,4,0,1
1655,3,6.06,2.02,3,0,1,1,4,3,1
1656,1,6.02,1.02,2,1,0,0,0,0,2
1657,1,6.02,5.01,2,1,1,1,4,3,1
1658,3,7.02,2.02,3,0,1,1,3,3,1
1659,1,6.03,5.05,2,1,1,1,0,3,2
1660,4,7.01,3.02,3,1,0,1,4,3,1
1661,0,7.01,6.03,1,0,0,0,2,0,2
1662,1,6.05,5.03,2,1,1,1,2,1,2
1663,1,6.01,5.02,2,1,0,0,2,2,2
1664,5,7.01,1.01,0,1,1,1,4,3,1
1665,4,6.06,3.03,3,1,0,1,1,1,3
1666,4,6.05,3.03,3,1,0,1,2,1,3
1667,0,7.03,6.03,1,0,0,0,3,0,2
1668,0,7.04,6.03,1,0,0,0,3,0,2
1669,1,7.02,5.03,2,1,1,1,0,3,2
1670,3,6.06,2.02,3,0,1,1,0,1,3
1671,1,7.02,5.03,2,1,1,1,4,3,1
1672,5,6.04,1.01,0,1,1,1,3,1,1
1673,3,6.04,2.04,3,0,0,0,3,2,1
1674,1,7.05,5.01,2,1,1,1,3,1,2
1675,5,6.05,1.04,0,1,1,1,4,3,1
1676,2,6.03,4.03,3,0,0,1,2,3,2
1677,5,6.02,1.01,3,1,0,0,0,0,3
1678,3,7.01,2.02,3,0,0,0,4,0,1
1679,2,6.04,4.03,3,0,1,0,4,0,1
1680,2,6.07,4.03,3,0,1,0,3,2,2
1681,3,7.02,2.03,3,0,0,0,4,2,1
1682,5,6.05,1.04,0,1,1,1,2,1,2
1683,5,7.05,1.03,3,1,0,0,0,0,3
1684,3,6.02,2.04,3,0,1,1,3,3,1
1685,5,7.03,1.02,3,1,0,0,0,0,3
1686,5,7.03,1.04,3,1,0,0,2,0,3
1687,1,7.05,1.02,2,1,1,1,4,3,1
1688,1,6.04,5.02,2,1,0,0,2,2,2
1689,4,7.02,3.05,3,1,0,1,1,1,3
1690,0,6.04,6.04,1,0,1,1,4,3,1
1691,5,7.02,1.04,0,1,1,1,1,1,1
1692,0,7.03,6.05,1,0,0,0,4,0,1
1693,5,7.03,1.02,0,1,1,1,3,3,0
1694,5,6.02,1.03,0,1,1,1,3,1,1
1695,4,6.05,3.05,3,1,1,0,0,0,2
1696,3,7.02,2.03,3,0,0,0,1,0,2
1697,2,7.05,4.02,3,0,0,1,3,3,2
1698,0,7.01,6.05,1,0,0,0,3,2,1
1699,1,6.01,5.05,2,1,1,1,0,1,2
1700,5,7.05,1.03,0,1,1,1,4,3,1
1701,5,6.0,1.03,0,1,1,1,3,3,0
1702,0,6.03,6.02,1,0,0,0,0,0,2
1703,5,7.03,1.02,3,1,0,0,3,2,2
1704,3,6.01,2.04,3,0,1,1,4,1,1
1705,5,7.02,1.04,0,1,1,1,3,3,0
1706,2,6.03,4.02,3,0,1,0,0,0,2
1707,1,6.02,5.02,2,1,1,1,4,3,1
1708,0,7.05,6.05,1,0,1,1,0,3,2
1709,0,7.03,6.04,1,0,1,1,4,1,1
1710,2,6.03,4.02,3,0,1,0,1,2,2
1711,1,6.04,5.01,2,1,1,1,3,1,2
1712,3,7.01,2.03,3,0,0,0,3,0,2
1713,3,7.04,2.02,3,0,0,0,1,2,1
1714,2,6.05,4.03,3,0,1,0,1,2,2
1715,3,6.06,2.03,3,0,1,1,3,3,1
1716,2,6.06,4.02,3,0,0,1,4,1,1
1717,5,7.03,1.04,0,1,1,1,1,1,1
1718,1,6.05,5.03,2,1,1,1,3,3,1
1719,1,7.05,5.01,2,1,1,1,3,3,1
1720,0,7.04,6.03,1,0,0,0,1,2,1
1721,5,7.03,1.02,3,1,0,0,0,2,2
1722,5,7.04,1.01,3,1,0,0,3,0,3
1723,3,7.03,2.04,3,0,1,1,3,1,2
1724,5,7.03,1.01,3,1,0,0,1,0,3
1725,2,7.02,4.05,3,0,1,0,1,0,3
1726,1,6.04,1.02,2,1,0,0,4,0,1
1727,1,6.03,5.05,2,1,1,1,4,1,1
1728,0,7.02,6.05,1,0,1,1,2,3,2
1729,1,7.04,1.02,2,1,1,1,2,1,2
1730,1,6.03,5.02,2,1,1,1,3,3,1
1731,4,7.03,3.03,3,1,1,0,1,0,3
1732,4,6.05,3.02,3,1,0,1,1,1,3
1733,3,7.01,2.02,3,0,0,0,1,2,1
1734,0,7.02,6.05,1,0,1,1,2,1,2
1735,3,6.02,2.02,3,0,1,1,3,1,2
1736,5,7.05,1.02,3,1,0,0,4,0,1
1737,4,7.05,3.03,3,1,0,1,2,1,3
1738,1,6.02,5.05,2,1,1,1,0,3,2
1739,3,7.01,2.02,3,0,1,1,2,3,2
1740,5,7.01,1.04,3,1,0,0,2,2,2
1741,5,6.02,1.04,0,1,1,1,3,3,0
1742,5,7.05,1.02,0,1,1,1,3,1,1
1743,1,6.04,1.02,2,1,1,1,4,3,1
1744,1,6.02,5.01,2,1,1,1,3,3,1
1745,0,7.02,6.02,1,0,1,1,0,3,2
1746,0,7.05,6.05,1,0,0,0,4,2,1
1747,1,7.01,5.01,2,1,0,0,3,0,2
1748,4,6.04,3.03,3,1,0,1,4,3,1
1749,5,7.05,1.02,0,1,1,1,4,1,1
1750,1,6.06,5.03,2,1,1,1,4,1,1
1751,0,7.04,6.05,1,0,0,0,2,0,2
1752,3,7.01,2.04,3,0,1,1,1,3,2
1753,0,7.05,6.02,1,0,1,1,2,1,2
1754,0,7.03,6.03,1,0,1,1,4,1,1
1755,5,6.04,1.02,0,1,1,1,1,3,0
1756,2,6.02,4.03,3,0,1,0,3,0,3
1757,1,7.03,5.03,2,1,0,0,2,0,2
1758,3,6.03,2.03,3,0,1,1,2,1,3
1759,5,6.05,1.03,3,1,0,0,0,0,3
1760,4,7.03,3.05,3,1,1,0,3,0,3
1761,1,6.04,5.02,2,1,1,1,3,1,2
1762,0,6.03,6.04,1,0,1,1,0,3,2
1763,3,7.02,2.04,3,0,0,0,4,0,1
1764,4,7.04,3.02,3,1,0,1,2,1,3
1765,2,7.04,4.03,3,0,1,0,4,2,1
1766,4,6.04,3.03,3,1,1,0,1,2,2
1767,5,6.04,1.03,0,1,1,1,4,3,1
1768,0,7.02,6.05,1,0,0,0,3,2,1
1769,3,7.02,2.02,3,0,0,0,0,2,2
1770,5,6.03,1.04,0,1,1,1,4,1,1
1771,4,6.06,3.03,3,1,0,1,1,3,3
1772,1,6.0,5.01,2,1,1,1,3,3,1
1773,4,7.04,3.03,3,1,0,1,0,1,3
1774,4,6.02,3.03,3,1,0,1,2,3,2
1775,2,7.05,4.03,3,0,0,1,4,1,1
1776,4,6.02,3.05,3,1,0,1,3,3,2
1777,1,6.04,5.01,2,1,0,0,2,0,2
1778,1,7.02,5.03,2,1,1,1,4,1,1
1779,4,7.01,3.02,3,1,1,0,2,2,2
1780,5,7.02,1.01,0,1,1,1,4,1,1
1781,0,7.01,6.04,1,0,1,1,0,3,2
1782,2,7.03,4.03,3,0,0,1,4,1,1
1783,4,7.04,3.03,3,1,1,0,3,2,2
1784,1,6.04,5.01,2,1,0,0,1,2,1
1785,1,7.01,1.02,2,1,1,1,3,3,1
1786,1,7.02,5.02,2,1,0,0,2,2,2
1787,2,7.01,4.03,3,0,0,1,1,1,3
1788,0,7.05,6.03,1,0,0,0,1,0,2
1789,3,7.01,2.03,3,0,0,0,4,0,1
1790,1,7.02,1.02,2,1,1,1,1,3,1
1791,3,7.05,2.02,3,0,0,0,1,0,2
1792,4,6.03,3.02,3,1,0,1,1,3,3
1793,0,7.04,6.05,1,0,0,0,2,2,2
1794,1,7.02,5.03,2,1,0,0,3,0,2
1795,3,6.03,2.03,3,0,1,1,1,3,2
1796,5,6.05,1.01,3,1,0,0,1,0,3
1797,1,7.02,5.02,2,1,1,1,4,3,1
1798,1,6.0,5.03,2,1,0,0,3,0,2
1799,5,6.02,1.03,3,1,0,0,4,2,1
1800,0,7.05,6.03,1,0,0,0,4,2,1
1801,1,7.03,5.03,2,1,0,0,1,2,1
1802,5,6.03,1.03,0,1,1,1,0,3,1
1803,1,6.06,5.03,2,1,1,1,1,1,2
1804,3,7.03,2.03,3,0,0,0,1,2,1
1805,1,6.01,5.02,2,1,1,1,4,1,1
1806,4,6.07,3.03,3,1,1,0,1,2,2
1807,4,6.01,3.02,3,1,0,1,2,3,2
1808,5,7.01,1.03,0,1,1,1,4,3,1
1809,5,7.02,1.03,0,1,1,1,2,1,2
1810,3,7.02,2.02,3,0,0,0,0,0,2
1811,3,6.02,2.02,3,0,1,1,4,1,1
1812,1,6.05,1.02,2,1,1,1,2,1,2
1813,3,7.03,2.04,3,0,0,0,1,2,1
1814,5,6.03,1.02,0,1,1,1,2,3,1
1815,5,7.01,1.03,3,1,0,0,1,2,2
1816,3,6.03,2.03,3,0,1,1,4,1,1
1817,1,7.04,5.03,2,1,0,0,2,2,2
1818,1,7.02,5.05,2,1,1,1,2,1,2
1819,0,7.02,6.02,1,0,1,1,1,1,2
1820,0,7.04,6.04,1,0,1,1,1,3,1
1821,5,7.03,1.03,0,1,1,1,1,3,0
1822,5,7.01,1.04,3,1,0,0,4,0,1
1823,5,7.04,1.02,3,1,0,0,2,2,2
1824,1,6.05,5.01,2,1,1,1,0,1,2
1825,2,6.03,4.03,3,0,0,1,3,1,3
1826,5,7.05,1.03,0,1,1,1,2,1,2
1827,5,6.01,1.02,0,1,1,1,1,1,1
1828,4,6.03,3.03,3,1,0,1,0,1,3
1829,4,7.01,3.03,3,1,1,0,0,2,2
1830,5,6.02,1.04,0,1,1,1,3,1,1
1831,5,7.05,1.04,0,1,1,1,0,1,2
1832,2,6.01,4.02,3,0,1,0,3,0,3
1833,2,6.04,4.05,3,0,0,1,0,3,2
1834,0,6.04,6.02,1,0,0,0,2,2,2
1835,0,7.03,6.02,1,0,1,1,2,1,2
1836,4,7.01,3.03,3,1,1,0,1,0,3
1837,1,6.03,5.02,2,1,1,1,2,3,2
1838,3,6.01,2.03,3,0,1,1,1,3,2
1839,2,6.02,4.02,3,0,1,0,1,0,3
1840,3,7.03,2.03,3,0,0,0,4,0,1
1841,5,7.02,1.01,0,1,1,1,3,1,1
1842,4,6.02,3.03,3,1,1,0,1,0,3
1843,5,7.04,1.04,3,1,0,0,0,2,2
1844,5,6.06,1.04,0,1,1,1,4,1,1
1845,3,6.04,2.02,3,0,0,0,3,0,2
1846,5,6.05,1.02,0,1,1,1,3,3,0
1847,1,7.02,5.01,2,1,1,1,2,3,2
1848,5,6.05,1.02,0,1,1,1,1,3,0
1849,2,6.04,4.03,3,0,0,1,1,3,3
1850,4,6.05,3.05,3,1,0,1,0,3,2
1851,2,6.02,4.02,3,0,0,1,0,1,3
1852,5,6.04,1.03,0,1,1,1,1,1,1
1853,2,6.03,4.03,3,0,1,0,1,2,2
1854,3,6.02,2.03,3,0,0,0,0,0,2
1855,3,7.01,2.04,3,0,0,0,0,0,2
1856,5,7.02,1.03,0,1,1,1,1,1,1
1857,0,7.01,6.03,1,0,0,0,4,0,1
1858,2,6.04,4.05,3,0,1,0,4,0,1
1859,3,6.03,2.02,3,0,0,0,3,0,2
1860,0,7.04,6.02,1,0,1,1,1,1,2
1861,5,7.02,1.02,0,1,1,1,4,1,1
1862,5,7.03,1.04,3,1,0,0,3,0,3
1863,4,6.02,3.03,3,1,1,0,0,2,2
1864,3,6.05,2.02,3,0,1,1,0,1,3
1865,0,7.01,6.02,1,0,0,0,2,0,2
1866,5,6.05,1.03,3,1,0,0,2,0,3
1867,1,6.04,5.02,2,1,0,0,1,2,1
1868,1,6.04,5.03,2,1,0,0,3,2,1
1869,0,7.02,6.05,1,0,1,1,0,1,2
1870,1,6.02,5.02,2,1,1,1,3,3,1
1871,1,7.05,5.03,2,1,0,0,2,2,2
